Workbook

Sheet Dashboard
A1: Week 3 | C1: 🏆 ACQL SEASON DASHBOARD
A4: Weekly Standings | I4: Season Leader | K4: Best Week | L4: Average | M4: Winnings | P4: Season Standings
I5: =INDEX(Season!$A$5:$A$39,MATCH(MAX(Season!$T$5:$T$39),Season!$T$5:$T$39,0)) | K5: =_xlfn.XLOOKUP(I5,Season!A5:A39,Season!V5:V39) | L5: =AVERAGE(_xlfn.XLOOKUP(I5,Season!A5:A39,Season!V5:V39)) | M5: =_xlfn.XLOOKUP(I5,Winnings!A5:A39,Winnings!U5:U39)
A6: Rank | B6: Player | C6: Total | D6: Wins | E6: Win % | F6: GB | G6: $ Owe | P6: Rank | Q6: Player | R6: Total | S6: Win % | T6: GB | U6: $ Owed
A7: 1 | B7: =IFERROR(INDEX(_xlfn.SORTBY(INDIRECT("'"&$A$1&"'!$E$10:$E$44"),INDIRECT("'"&$A$1&"'!$B$10:$B$44"),-1),ROWS($B$7:B7)),"") | C7: {=IF(B7="","",INDEX(_xlfn.SORTBY(INDIRECT("'"&$A$1&"'!$B$10:$B$44"),INDIRECT("'"&$A$1&"'!$B$10:$B$44"),-1),ROWS($B$7:B7)))} | D7: {=IF(B7="","",INDEX(_xlfn.SORTBY(INDIRECT("'"&$A$1&"'!$C$10:$C$44"),INDIRECT("'"&$A$1&"'!$B$10:$B$44"),-1),ROWS($B$7:B7)))} | E7: =IF(B7="","",D7/16) | F7: =$C$7-C7 | G7: =IF(B7="","",F7) | I7: Name | J7: Rank | K7: Best Week | L7: Average | M7: Winnings | P7: 1 | Q7: =_xlfn.XLOOKUP(P7,Table2[Rank],Table2[Player]) | R7: {=_xlfn.XLOOKUP(Q7,Table2[Player],Season!$T$5:$T$39)} | S7: =IFERROR(SUM(_xlfn.XLOOKUP(Q7,Table2[Player],Table2[Season Wins]))/SUM(Season!$B$3:$S$3),0) | T7: =$R$7-R7 | U7: =_xlfn.XLOOKUP(Q7,Winnings!$A$5:$A$39,Winnings!$U$5:$U$39)
A8: 2 | B8: =IFERROR(INDEX(_xlfn.SORTBY(INDIRECT("'"&$A$1&"'!$E$10:$E$44"),INDIRECT("'"&$A$1&"'!$B$10:$B$44"),-1),ROWS($B$7:B8)),"") | C8: {=IF(B8="","",INDEX(_xlfn.SORTBY(INDIRECT("'"&$A$1&"'!$B$10:$B$44"),INDIRECT("'"&$A$1&"'!$B$10:$B$44"),-1),ROWS($B$7:B8)))} | D8: {=IF(B8="","",INDEX(_xlfn.SORTBY(INDIRECT("'"&$A$1&"'!$C$10:$C$44"),INDIRECT("'"&$A$1&"'!$B$10:$B$44"),-1),ROWS($B$7:B8)))} | E8: =IF(B8="","",D8/16) | F8: =$C$7-C8 | G8: =IF(B8="","",F8) | I8: Phelpy | J8: =_xlfn.XLOOKUP(I8,Season!$A$5:$A$39,Season!$X$5:$X$39) | K8: =_xlfn.XLOOKUP(I8,Season!$A$5:$A$39,Season!$V$5:$V$39) | L8: =_xlfn.XLOOKUP(I8,Season!$A$5:$A$39,Season!$U$5:$U$39) | M8: =IF(_xlfn.XLOOKUP(I8,Winnings!A5:A39,Winnings!U5:U39)>0,_xlfn.XLOOKUP(I8,Winnings!A5:A39,Winnings!U5:U39),0) | P8: 2 | Q8: =_xlfn.XLOOKUP(P8,Table2[Rank],Table2[Player]) | R8: {=_xlfn.XLOOKUP(Q8,Table2[Player],Season!$T$5:$T$39)} | S8: =IFERROR(SUM(_xlfn.XLOOKUP(Q8,Table2[Player],Table2[Season Wins]))/SUM(Season!$B$3:$S$3),0) | T8: =$R$7-R8 | U8: =_xlfn.XLOOKUP(Q8,Winnings!$A$5:$A$39,Winnings!$U$5:$U$39)
A9: 3 | B9: =IFERROR(INDEX(_xlfn.SORTBY(INDIRECT("'"&$A$1&"'!$E$10:$E$44"),INDIRECT("'"&$A$1&"'!$B$10:$B$44"),-1),ROWS($B$7:B9)),"") | C9: {=IF(B9="","",INDEX(_xlfn.SORTBY(INDIRECT("'"&$A$1&"'!$B$10:$B$44"),INDIRECT("'"&$A$1&"'!$B$10:$B$44"),-1),ROWS($B$7:B9)))} | D9: {=IF(B9="","",INDEX(_xlfn.SORTBY(INDIRECT("'"&$A$1&"'!$C$10:$C$44"),INDIRECT("'"&$A$1&"'!$B$10:$B$44"),-1),ROWS($B$7:B9)))} | E9: =IF(B9="","",D9/16) | F9: =$C$7-C9 | G9: =IF(B9="","",F9) | I9: Line-Pony | J9: =_xlfn.XLOOKUP(I9,Season!$A$5:$A$39,Season!$X$5:$X$39) | K9: =_xlfn.XLOOKUP(I9,Season!$A$5:$A$39,Season!$V$5:$V$39) | L9: =_xlfn.XLOOKUP(I9,Season!$A$5:$A$39,Season!$U$5:$U$39) | M9: =IF(_xlfn.XLOOKUP(I9,Winnings!A6:A40,Winnings!U6:U40)>0,_xlfn.XLOOKUP(I9,Winnings!A6:A40,Winnings!U6:U40),0) | P9: 3 | Q9: =_xlfn.XLOOKUP(P9,Table2[Rank],Table2[Player]) | R9: {=_xlfn.XLOOKUP(Q9,Table2[Player],Season!$T$5:$T$39)} | S9: =IFERROR(SUM(_xlfn.XLOOKUP(Q9,Table2[Player],Table2[Season Wins]))/SUM(Season!$B$3:$S$3),0) | T9: =$R$7-R9 | U9: =_xlfn.XLOOKUP(Q9,Winnings!$A$5:$A$39,Winnings!$U$5:$U$39)
A10: 4 | B10: =IFERROR(INDEX(_xlfn.SORTBY(INDIRECT("'"&$A$1&"'!$E$10:$E$44"),INDIRECT("'"&$A$1&"'!$B$10:$B$44"),-1),ROWS($B$7:B10)),"") | C10: {=IF(B10="","",INDEX(_xlfn.SORTBY(INDIRECT("'"&$A$1&"'!$B$10:$B$44"),INDIRECT("'"&$A$1&"'!$B$10:$B$44"),-1),ROWS($B$7:B10)))} | D10: {=IF(B10="","",INDEX(_xlfn.SORTBY(INDIRECT("'"&$A$1&"'!$C$10:$C$44"),INDIRECT("'"&$A$1&"'!$B$10:$B$44"),-1),ROWS($B$7:B10)))} | E10: =IF(B10="","",D10/16) | F10: =$C$7-C10 | G10: =IF(B10="","",F10) | I10: Phelps Phamily | J10: =_xlfn.XLOOKUP(I10,Season!$A$5:$A$39,Season!$X$5:$X$39) | K10: =_xlfn.XLOOKUP(I10,Season!$A$5:$A$39,Season!$V$5:$V$39) | L10: =_xlfn.XLOOKUP(I10,Season!$A$5:$A$39,Season!$U$5:$U$39) | M10: =IF(_xlfn.XLOOKUP(I10,Winnings!A7:A41,Winnings!U7:U41)>0,_xlfn.XLOOKUP(I10,Winnings!A7:A41,Winnings!U7:U41),0) | P10: 4 | Q10: =_xlfn.XLOOKUP(P10,Table2[Rank],Table2[Player]) | R10: {=_xlfn.XLOOKUP(Q10,Table2[Player],Season!$T$5:$T$39)} | S10: =IFERROR(SUM(_xlfn.XLOOKUP(Q10,Table2[Player],Table2[Season Wins]))/SUM(Season!$B$3:$S$3),0) | T10: =$R$7-R10 | U10: =_xlfn.XLOOKUP(Q10,Winnings!$A$5:$A$39,Winnings!$U$5:$U$39)
A11: 5 | B11: =IFERROR(INDEX(_xlfn.SORTBY(INDIRECT("'"&$A$1&"'!$E$10:$E$44"),INDIRECT("'"&$A$1&"'!$B$10:$B$44"),-1),ROWS($B$7:B11)),"") | C11: {=IF(B11="","",INDEX(_xlfn.SORTBY(INDIRECT("'"&$A$1&"'!$B$10:$B$44"),INDIRECT("'"&$A$1&"'!$B$10:$B$44"),-1),ROWS($B$7:B11)))} | D11: {=IF(B11="","",INDEX(_xlfn.SORTBY(INDIRECT("'"&$A$1&"'!$C$10:$C$44"),INDIRECT("'"&$A$1&"'!$B$10:$B$44"),-1),ROWS($B$7:B11)))} | E11: =IF(B11="","",D11/16) | F11: =$C$7-C11 | G11: =IF(B11="","",F11) | I11: Vonasek Family | J11: =_xlfn.XLOOKUP(I11,Season!$A$5:$A$39,Season!$X$5:$X$39) | K11: =_xlfn.XLOOKUP(I11,Season!$A$5:$A$39,Season!$V$5:$V$39) | L11: =_xlfn.XLOOKUP(I11,Season!$A$5:$A$39,Season!$U$5:$U$39) | M11: =IF(_xlfn.XLOOKUP(I11,Winnings!A8:A42,Winnings!U8:U42)>0,_xlfn.XLOOKUP(I11,Winnings!A8:A42,Winnings!U8:U42),0) | P11: 5 | Q11: =_xlfn.XLOOKUP(P11,Table2[Rank],Table2[Player]) | R11: {=_xlfn.XLOOKUP(Q11,Table2[Player],Season!$T$5:$T$39)} | S11: =IFERROR(SUM(_xlfn.XLOOKUP(Q11,Table2[Player],Table2[Season Wins]))/SUM(Season!$B$3:$S$3),0) | T11: =$R$7-R11 | U11: =_xlfn.XLOOKUP(Q11,Winnings!$A$5:$A$39,Winnings!$U$5:$U$39)
A12: 6 | B12: =IFERROR(INDEX(_xlfn.SORTBY(INDIRECT("'"&$A$1&"'!$E$10:$E$44"),INDIRECT("'"&$A$1&"'!$B$10:$B$44"),-1),ROWS($B$7:B12)),"") | C12: {=IF(B12="","",INDEX(_xlfn.SORTBY(INDIRECT("'"&$A$1&"'!$B$10:$B$44"),INDIRECT("'"&$A$1&"'!$B$10:$B$44"),-1),ROWS($B$7:B12)))} | D12: {=IF(B12="","",INDEX(_xlfn.SORTBY(INDIRECT("'"&$A$1&"'!$C$10:$C$44"),INDIRECT("'"&$A$1&"'!$B$10:$B$44"),-1),ROWS($B$7:B12)))} | E12: =IF(B12="","",D12/16) | F12: =$C$7-C12 | G12: =IF(B12="","",F12) | I12: Samsaunt | J12: =_xlfn.XLOOKUP(I12,Season!$A$5:$A$39,Season!$X$5:$X$39) | K12: =_xlfn.XLOOKUP(I12,Season!$A$5:$A$39,Season!$V$5:$V$39) | L12: =_xlfn.XLOOKUP(I12,Season!$A$5:$A$39,Season!$U$5:$U$39) | M12: =IF(_xlfn.XLOOKUP(I12,Winnings!A9:A43,Winnings!U9:U43)>0,_xlfn.XLOOKUP(I12,Winnings!A9:A43,Winnings!U9:U43),0) | P12: 6 | Q12: =_xlfn.XLOOKUP(P12,Table2[Rank],Table2[Player]) | R12: {=_xlfn.XLOOKUP(Q12,Table2[Player],Season!$T$5:$T$39)} | S12: =IFERROR(SUM(_xlfn.XLOOKUP(Q12,Table2[Player],Table2[Season Wins]))/SUM(Season!$B$3:$S$3),0) | T12: =$R$7-R12 | U12: =_xlfn.XLOOKUP(Q12,Winnings!$A$5:$A$39,Winnings!$U$5:$U$39)
A13: 7 | B13: =IFERROR(INDEX(_xlfn.SORTBY(INDIRECT("'"&$A$1&"'!$E$10:$E$44"),INDIRECT("'"&$A$1&"'!$B$10:$B$44"),-1),ROWS($B$7:B13)),"") | C13: {=IF(B13="","",INDEX(_xlfn.SORTBY(INDIRECT("'"&$A$1&"'!$B$10:$B$44"),INDIRECT("'"&$A$1&"'!$B$10:$B$44"),-1),ROWS($B$7:B13)))} | D13: {=IF(B13="","",INDEX(_xlfn.SORTBY(INDIRECT("'"&$A$1&"'!$C$10:$C$44"),INDIRECT("'"&$A$1&"'!$B$10:$B$44"),-1),ROWS($B$7:B13)))} | E13: =IF(B13="","",D13/16) | F13: =$C$7-C13 | G13: =IF(B13="","",F13) | P13: 7 | Q13: =_xlfn.XLOOKUP(P13,Table2[Rank],Table2[Player]) | R13: {=_xlfn.XLOOKUP(Q13,Table2[Player],Season!$T$5:$T$39)} | S13: =IFERROR(SUM(_xlfn.XLOOKUP(Q13,Table2[Player],Table2[Season Wins]))/SUM(Season!$B$3:$S$3),0) | T13: =$R$7-R13 | U13: =_xlfn.XLOOKUP(Q13,Winnings!$A$5:$A$39,Winnings!$U$5:$U$39)
A14: 8 | B14: =IFERROR(INDEX(_xlfn.SORTBY(INDIRECT("'"&$A$1&"'!$E$10:$E$44"),INDIRECT("'"&$A$1&"'!$B$10:$B$44"),-1),ROWS($B$7:B14)),"") | C14: {=IF(B14="","",INDEX(_xlfn.SORTBY(INDIRECT("'"&$A$1&"'!$B$10:$B$44"),INDIRECT("'"&$A$1&"'!$B$10:$B$44"),-1),ROWS($B$7:B14)))} | D14: {=IF(B14="","",INDEX(_xlfn.SORTBY(INDIRECT("'"&$A$1&"'!$C$10:$C$44"),INDIRECT("'"&$A$1&"'!$B$10:$B$44"),-1),ROWS($B$7:B14)))} | E14: =IF(B14="","",D14/16) | F14: =$C$7-C14 | G14: =IF(B14="","",F14) | I14: Current Week | J14: Column1 | P14: 8 | Q14: =_xlfn.XLOOKUP(P14,Table2[Rank],Table2[Player]) | R14: {=_xlfn.XLOOKUP(Q14,Table2[Player],Season!$T$5:$T$39)} | S14: =IFERROR(SUM(_xlfn.XLOOKUP(Q14,Table2[Player],Table2[Season Wins]))/SUM(Season!$B$3:$S$3),0) | T14: =$R$7-R14 | U14: =_xlfn.XLOOKUP(Q14,Winnings!$A$5:$A$39,Winnings!$U$5:$U$39)
A15: 9 | B15: =IFERROR(INDEX(_xlfn.SORTBY(INDIRECT("'"&$A$1&"'!$E$10:$E$44"),INDIRECT("'"&$A$1&"'!$B$10:$B$44"),-1),ROWS($B$7:B15)),"") | C15: {=IF(B15="","",INDEX(_xlfn.SORTBY(INDIRECT("'"&$A$1&"'!$B$10:$B$44"),INDIRECT("'"&$A$1&"'!$B$10:$B$44"),-1),ROWS($B$7:B15)))} | D15: {=IF(B15="","",INDEX(_xlfn.SORTBY(INDIRECT("'"&$A$1&"'!$C$10:$C$44"),INDIRECT("'"&$A$1&"'!$B$10:$B$44"),-1),ROWS($B$7:B15)))} | E15: =IF(B15="","",D15/16) | F15: =$C$7-C15 | G15: =IF(B15="","",F15) | I15: High Score | J15: =MAX(INDIRECT("'"&$A$1&"'!$B$10:$B$44")) | P15: 9 | Q15: =_xlfn.XLOOKUP(P15,Table2[Rank],Table2[Player]) | R15: {=_xlfn.XLOOKUP(Q15,Table2[Player],Season!$T$5:$T$39)} | S15: =IFERROR(SUM(_xlfn.XLOOKUP(Q15,Table2[Player],Table2[Season Wins]))/SUM(Season!$B$3:$S$3),0) | T15: =$R$7-R15 | U15: =_xlfn.XLOOKUP(Q15,Winnings!$A$5:$A$39,Winnings!$U$5:$U$39)
A16: 10 | B16: =IFERROR(INDEX(_xlfn.SORTBY(INDIRECT("'"&$A$1&"'!$E$10:$E$44"),INDIRECT("'"&$A$1&"'!$B$10:$B$44"),-1),ROWS($B$7:B16)),"") | C16: {=IF(B16="","",INDEX(_xlfn.SORTBY(INDIRECT("'"&$A$1&"'!$B$10:$B$44"),INDIRECT("'"&$A$1&"'!$B$10:$B$44"),-1),ROWS($B$7:B16)))} | D16: {=IF(B16="","",INDEX(_xlfn.SORTBY(INDIRECT("'"&$A$1&"'!$C$10:$C$44"),INDIRECT("'"&$A$1&"'!$B$10:$B$44"),-1),ROWS($B$7:B16)))} | E16: =IF(B16="","",D16/16) | F16: =$C$7-C16 | G16: =IF(B16="","",F16) | I16: Low Score | J16: =_xlfn.MINIFS(INDIRECT("'"&$A$1&"'!$B$10:$B$44"),INDIRECT("'"&$A$1&"'!$B$10:$B$44"),">=0") | P16: 10 | Q16: =_xlfn.XLOOKUP(P16,Table2[Rank],Table2[Player]) | R16: {=_xlfn.XLOOKUP(Q16,Table2[Player],Season!$T$5:$T$39)} | S16: =IFERROR(SUM(_xlfn.XLOOKUP(Q16,Table2[Player],Table2[Season Wins]))/SUM(Season!$B$3:$S$3),0) | T16: =$R$7-R16 | U16: =_xlfn.XLOOKUP(Q16,Winnings!$A$5:$A$39,Winnings!$U$5:$U$39)
A17: 11 | B17: =IFERROR(INDEX(_xlfn.SORTBY(INDIRECT("'"&$A$1&"'!$E$10:$E$44"),INDIRECT("'"&$A$1&"'!$B$10:$B$44"),-1),ROWS($B$7:B17)),"") | C17: {=IF(B17="","",INDEX(_xlfn.SORTBY(INDIRECT("'"&$A$1&"'!$B$10:$B$44"),INDIRECT("'"&$A$1&"'!$B$10:$B$44"),-1),ROWS($B$7:B17)))} | D17: {=IF(B17="","",INDEX(_xlfn.SORTBY(INDIRECT("'"&$A$1&"'!$C$10:$C$44"),INDIRECT("'"&$A$1&"'!$B$10:$B$44"),-1),ROWS($B$7:B17)))} | E17: =IF(B17="","",D17/16) | F17: =$C$7-C17 | G17: =IF(B17="","",F17) | I17: Average | J17: =IFERROR(AVERAGEIF(INDIRECT("'"&$A$1&"'!$B$10:$B$44"),">=0"),0) | P17: 11 | Q17: =_xlfn.XLOOKUP(P17,Table2[Rank],Table2[Player]) | R17: {=_xlfn.XLOOKUP(Q17,Table2[Player],Season!$T$5:$T$39)} | S17: =IFERROR(SUM(_xlfn.XLOOKUP(Q17,Table2[Player],Table2[Season Wins]))/SUM(Season!$B$3:$S$3),0) | T17: =$R$7-R17 | U17: =_xlfn.XLOOKUP(Q17,Winnings!$A$5:$A$39,Winnings!$U$5:$U$39)
A18: 12 | B18: =IFERROR(INDEX(_xlfn.SORTBY(INDIRECT("'"&$A$1&"'!$E$10:$E$44"),INDIRECT("'"&$A$1&"'!$B$10:$B$44"),-1),ROWS($B$7:B18)),"") | C18: {=IF(B18="","",INDEX(_xlfn.SORTBY(INDIRECT("'"&$A$1&"'!$B$10:$B$44"),INDIRECT("'"&$A$1&"'!$B$10:$B$44"),-1),ROWS($B$7:B18)))} | D18: {=IF(B18="","",INDEX(_xlfn.SORTBY(INDIRECT("'"&$A$1&"'!$C$10:$C$44"),INDIRECT("'"&$A$1&"'!$B$10:$B$44"),-1),ROWS($B$7:B18)))} | E18: =IF(B18="","",D18/16) | F18: =$C$7-C18 | G18: =IF(B18="","",F18) | I18: Players Tied 1st | J18: =COUNTIF(INDIRECT("'"&$A$1&"'!$B$10:$B$44"),MAX(INDIRECT("'"&$A$1&"'!$B$10:$B$44"))) | P18: 12 | Q18: =_xlfn.XLOOKUP(P18,Table2[Rank],Table2[Player]) | R18: {=_xlfn.XLOOKUP(Q18,Table2[Player],Season!$T$5:$T$39)} | S18: =IFERROR(SUM(_xlfn.XLOOKUP(Q18,Table2[Player],Table2[Season Wins]))/SUM(Season!$B$3:$S$3),0) | T18: =$R$7-R18 | U18: =_xlfn.XLOOKUP(Q18,Winnings!$A$5:$A$39,Winnings!$U$5:$U$39)
A19: 13 | B19: =IFERROR(INDEX(_xlfn.SORTBY(INDIRECT("'"&$A$1&"'!$E$10:$E$44"),INDIRECT("'"&$A$1&"'!$B$10:$B$44"),-1),ROWS($B$7:B19)),"") | C19: {=IF(B19="","",INDEX(_xlfn.SORTBY(INDIRECT("'"&$A$1&"'!$B$10:$B$44"),INDIRECT("'"&$A$1&"'!$B$10:$B$44"),-1),ROWS($B$7:B19)))} | D19: {=IF(B19="","",INDEX(_xlfn.SORTBY(INDIRECT("'"&$A$1&"'!$C$10:$C$44"),INDIRECT("'"&$A$1&"'!$B$10:$B$44"),-1),ROWS($B$7:B19)))} | E19: =IF(B19="","",D19/16) | F19: =$C$7-C19 | G19: =IF(B19="","",F19) | I19: # Above Average | J19: =COUNTIF(INDIRECT("'"&$A$1&"'!$B$10:$B$44"),">"&AVERAGE(INDIRECT("'"&$A$1&"'!$B$10:$B$44"))) | P19: 13 | Q19: =_xlfn.XLOOKUP(P19,Table2[Rank],Table2[Player]) | R19: {=_xlfn.XLOOKUP(Q19,Table2[Player],Season!$T$5:$T$39)} | S19: =IFERROR(SUM(_xlfn.XLOOKUP(Q19,Table2[Player],Table2[Season Wins]))/SUM(Season!$B$3:$S$3),0) | T19: =$R$7-R19 | U19: =_xlfn.XLOOKUP(Q19,Winnings!$A$5:$A$39,Winnings!$U$5:$U$39)
A20: 14 | B20: =IFERROR(INDEX(_xlfn.SORTBY(INDIRECT("'"&$A$1&"'!$E$10:$E$44"),INDIRECT("'"&$A$1&"'!$B$10:$B$44"),-1),ROWS($B$7:B20)),"") | C20: {=IF(B20="","",INDEX(_xlfn.SORTBY(INDIRECT("'"&$A$1&"'!$B$10:$B$44"),INDIRECT("'"&$A$1&"'!$B$10:$B$44"),-1),ROWS($B$7:B20)))} | D20: {=IF(B20="","",INDEX(_xlfn.SORTBY(INDIRECT("'"&$A$1&"'!$C$10:$C$44"),INDIRECT("'"&$A$1&"'!$B$10:$B$44"),-1),ROWS($B$7:B20)))} | E20: =IF(B20="","",D20/16) | F20: =$C$7-C20 | G20: =IF(B20="","",F20) | I20: Suicides Used | J20: Column1 | P20: 14 | Q20: =_xlfn.XLOOKUP(P20,Table2[Rank],Table2[Player]) | R20: {=_xlfn.XLOOKUP(Q20,Table2[Player],Season!$T$5:$T$39)} | S20: =IFERROR(SUM(_xlfn.XLOOKUP(Q20,Table2[Player],Table2[Season Wins]))/SUM(Season!$B$3:$S$3),0) | T20: =$R$7-R20 | U20: =_xlfn.XLOOKUP(Q20,Winnings!$A$5:$A$39,Winnings!$U$5:$U$39)
A21: 15 | B21: =IFERROR(INDEX(_xlfn.SORTBY(INDIRECT("'"&$A$1&"'!$E$10:$E$44"),INDIRECT("'"&$A$1&"'!$B$10:$B$44"),-1),ROWS($B$7:B21)),"") | C21: {=IF(B21="","",INDEX(_xlfn.SORTBY(INDIRECT("'"&$A$1&"'!$B$10:$B$44"),INDIRECT("'"&$A$1&"'!$B$10:$B$44"),-1),ROWS($B$7:B21)))} | D21: {=IF(B21="","",INDEX(_xlfn.SORTBY(INDIRECT("'"&$A$1&"'!$C$10:$C$44"),INDIRECT("'"&$A$1&"'!$B$10:$B$44"),-1),ROWS($B$7:B21)))} | E21: =IF(B21="","",D21/16) | F21: =$C$7-C21 | G21: =IF(B21="","",F21) | I21: Week 1 | J21: {=_xlfn.IFNA(_xlfn.XLOOKUP("Phelpy",INDIRECT("'"&I21&"'!$e$10:$e$44"),INDIRECT("'"&I21&"'!$y$10:$y$44")),"")} | P21: 15 | Q21: =_xlfn.XLOOKUP(P21,Table2[Rank],Table2[Player]) | R21: {=_xlfn.XLOOKUP(Q21,Table2[Player],Season!$T$5:$T$39)} | S21: =IFERROR(SUM(_xlfn.XLOOKUP(Q21,Table2[Player],Table2[Season Wins]))/SUM(Season!$B$3:$S$3),0) | T21: =$R$7-R21 | U21: =_xlfn.XLOOKUP(Q21,Winnings!$A$5:$A$39,Winnings!$U$5:$U$39)
A22: 16 | B22: =IFERROR(INDEX(_xlfn.SORTBY(INDIRECT("'"&$A$1&"'!$E$10:$E$44"),INDIRECT("'"&$A$1&"'!$B$10:$B$44"),-1),ROWS($B$7:B22)),"") | C22: {=IF(B22="","",INDEX(_xlfn.SORTBY(INDIRECT("'"&$A$1&"'!$B$10:$B$44"),INDIRECT("'"&$A$1&"'!$B$10:$B$44"),-1),ROWS($B$7:B22)))} | D22: {=IF(B22="","",INDEX(_xlfn.SORTBY(INDIRECT("'"&$A$1&"'!$C$10:$C$44"),INDIRECT("'"&$A$1&"'!$B$10:$B$44"),-1),ROWS($B$7:B22)))} | E22: =IF(B22="","",D22/16) | F22: =$C$7-C22 | G22: =IF(B22="","",F22) | I22: Week 2 | J22: {=_xlfn.IFNA(_xlfn.XLOOKUP("Phelpy",INDIRECT("'"&I22&"'!$e$10:$e$44"),INDIRECT("'"&I22&"'!$y$10:$y$44")),"")} | P22: 16 | Q22: =_xlfn.XLOOKUP(P22,Table2[Rank],Table2[Player]) | R22: {=_xlfn.XLOOKUP(Q22,Table2[Player],Season!$T$5:$T$39)} | S22: =IFERROR(SUM(_xlfn.XLOOKUP(Q22,Table2[Player],Table2[Season Wins]))/SUM(Season!$B$3:$S$3),0) | T22: =$R$7-R22 | U22: =_xlfn.XLOOKUP(Q22,Winnings!$A$5:$A$39,Winnings!$U$5:$U$39)
A23: 17 | B23: =IFERROR(INDEX(_xlfn.SORTBY(INDIRECT("'"&$A$1&"'!$E$10:$E$44"),INDIRECT("'"&$A$1&"'!$B$10:$B$44"),-1),ROWS($B$7:B23)),"") | C23: {=IF(B23="","",INDEX(_xlfn.SORTBY(INDIRECT("'"&$A$1&"'!$B$10:$B$44"),INDIRECT("'"&$A$1&"'!$B$10:$B$44"),-1),ROWS($B$7:B23)))} | D23: {=IF(B23="","",INDEX(_xlfn.SORTBY(INDIRECT("'"&$A$1&"'!$C$10:$C$44"),INDIRECT("'"&$A$1&"'!$B$10:$B$44"),-1),ROWS($B$7:B23)))} | E23: =IF(B23="","",D23/16) | F23: =$C$7-C23 | G23: =IF(B23="","",F23) | I23: Week 3 | J23: {=_xlfn.IFNA(_xlfn.XLOOKUP("Phelpy",INDIRECT("'"&I23&"'!$e$10:$e$44"),INDIRECT("'"&I23&"'!$y$10:$y$44")),"")} | P23: 17 | Q23: =_xlfn.XLOOKUP(P23,Table2[Rank],Table2[Player]) | R23: {=_xlfn.XLOOKUP(Q23,Table2[Player],Season!$T$5:$T$39)} | S23: =IFERROR(SUM(_xlfn.XLOOKUP(Q23,Table2[Player],Table2[Season Wins]))/SUM(Season!$B$3:$S$3),0) | T23: =$R$7-R23 | U23: =_xlfn.XLOOKUP(Q23,Winnings!$A$5:$A$39,Winnings!$U$5:$U$39)
A24: 18 | B24: =IFERROR(INDEX(_xlfn.SORTBY(INDIRECT("'"&$A$1&"'!$E$10:$E$44"),INDIRECT("'"&$A$1&"'!$B$10:$B$44"),-1),ROWS($B$7:B24)),"") | C24: {=IF(B24="","",INDEX(_xlfn.SORTBY(INDIRECT("'"&$A$1&"'!$B$10:$B$44"),INDIRECT("'"&$A$1&"'!$B$10:$B$44"),-1),ROWS($B$7:B24)))} | D24: {=IF(B24="","",INDEX(_xlfn.SORTBY(INDIRECT("'"&$A$1&"'!$C$10:$C$44"),INDIRECT("'"&$A$1&"'!$B$10:$B$44"),-1),ROWS($B$7:B24)))} | E24: =IF(B24="","",D24/16) | F24: =$C$7-C24 | G24: =IF(B24="","",F24) | I24: Week 4 | J24: {=_xlfn.IFNA(_xlfn.XLOOKUP("Phelpy",INDIRECT("'"&I24&"'!$e$10:$e$44"),INDIRECT("'"&I24&"'!$y$10:$y$44")),"")} | P24: 18 | Q24: =_xlfn.XLOOKUP(P24,Table2[Rank],Table2[Player]) | R24: {=_xlfn.XLOOKUP(Q24,Table2[Player],Season!$T$5:$T$39)} | S24: =IFERROR(SUM(_xlfn.XLOOKUP(Q24,Table2[Player],Table2[Season Wins]))/SUM(Season!$B$3:$S$3),0) | T24: =$R$7-R24 | U24: =_xlfn.XLOOKUP(Q24,Winnings!$A$5:$A$39,Winnings!$U$5:$U$39)
A25: 19 | B25: =IFERROR(INDEX(_xlfn.SORTBY(INDIRECT("'"&$A$1&"'!$E$10:$E$44"),INDIRECT("'"&$A$1&"'!$B$10:$B$44"),-1),ROWS($B$7:B25)),"") | C25: {=IF(B25="","",INDEX(_xlfn.SORTBY(INDIRECT("'"&$A$1&"'!$B$10:$B$44"),INDIRECT("'"&$A$1&"'!$B$10:$B$44"),-1),ROWS($B$7:B25)))} | D25: {=IF(B25="","",INDEX(_xlfn.SORTBY(INDIRECT("'"&$A$1&"'!$C$10:$C$44"),INDIRECT("'"&$A$1&"'!$B$10:$B$44"),-1),ROWS($B$7:B25)))} | E25: =IF(B25="","",D25/16) | F25: =$C$7-C25 | G25: =IF(B25="","",F25) | I25: Week 5 | J25: {=_xlfn.IFNA(_xlfn.XLOOKUP("Phelpy",INDIRECT("'"&I25&"'!$e$10:$e$44"),INDIRECT("'"&I25&"'!$y$10:$y$44")),"")} | P25: 19 | Q25: =_xlfn.XLOOKUP(P25,Table2[Rank],Table2[Player]) | R25: {=_xlfn.XLOOKUP(Q25,Table2[Player],Season!$T$5:$T$39)} | S25: =IFERROR(SUM(_xlfn.XLOOKUP(Q25,Table2[Player],Table2[Season Wins]))/SUM(Season!$B$3:$S$3),0) | T25: =$R$7-R25 | U25: =_xlfn.XLOOKUP(Q25,Winnings!$A$5:$A$39,Winnings!$U$5:$U$39)
A26: 20 | B26: =IFERROR(INDEX(_xlfn.SORTBY(INDIRECT("'"&$A$1&"'!$E$10:$E$44"),INDIRECT("'"&$A$1&"'!$B$10:$B$44"),-1),ROWS($B$7:B26)),"") | C26: {=IF(B26="","",INDEX(_xlfn.SORTBY(INDIRECT("'"&$A$1&"'!$B$10:$B$44"),INDIRECT("'"&$A$1&"'!$B$10:$B$44"),-1),ROWS($B$7:B26)))} | D26: {=IF(B26="","",INDEX(_xlfn.SORTBY(INDIRECT("'"&$A$1&"'!$C$10:$C$44"),INDIRECT("'"&$A$1&"'!$B$10:$B$44"),-1),ROWS($B$7:B26)))} | E26: =IF(B26="","",D26/16) | F26: =$C$7-C26 | G26: =IF(B26="","",F26) | I26: Week 6 | J26: {=_xlfn.IFNA(_xlfn.XLOOKUP("Phelpy",INDIRECT("'"&I26&"'!$e$10:$e$44"),INDIRECT("'"&I26&"'!$y$10:$y$44")),"")} | P26: 20 | Q26: =_xlfn.XLOOKUP(P26,Table2[Rank],Table2[Player]) | R26: {=_xlfn.XLOOKUP(Q26,Table2[Player],Season!$T$5:$T$39)} | S26: =IFERROR(SUM(_xlfn.XLOOKUP(Q26,Table2[Player],Table2[Season Wins]))/SUM(Season!$B$3:$S$3),0) | T26: =$R$7-R26 | U26: =_xlfn.XLOOKUP(Q26,Winnings!$A$5:$A$39,Winnings!$U$5:$U$39)
A27: 21 | B27: =IFERROR(INDEX(_xlfn.SORTBY(INDIRECT("'"&$A$1&"'!$E$10:$E$44"),INDIRECT("'"&$A$1&"'!$B$10:$B$44"),-1),ROWS($B$7:B27)),"") | C27: {=IF(B27="","",INDEX(_xlfn.SORTBY(INDIRECT("'"&$A$1&"'!$B$10:$B$44"),INDIRECT("'"&$A$1&"'!$B$10:$B$44"),-1),ROWS($B$7:B27)))} | D27: {=IF(B27="","",INDEX(_xlfn.SORTBY(INDIRECT("'"&$A$1&"'!$C$10:$C$44"),INDIRECT("'"&$A$1&"'!$B$10:$B$44"),-1),ROWS($B$7:B27)))} | E27: =IF(B27="","",D27/16) | F27: =$C$7-C27 | G27: =IF(B27="","",F27) | I27: Week 7 | J27: {=_xlfn.IFNA(_xlfn.XLOOKUP("Phelpy",INDIRECT("'"&I27&"'!$e$10:$e$44"),INDIRECT("'"&I27&"'!$y$10:$y$44")),"")} | P27: 21 | Q27: =_xlfn.XLOOKUP(P27,Table2[Rank],Table2[Player]) | R27: {=_xlfn.XLOOKUP(Q27,Table2[Player],Season!$T$5:$T$39)} | S27: =IFERROR(SUM(_xlfn.XLOOKUP(Q27,Table2[Player],Table2[Season Wins]))/SUM(Season!$B$3:$S$3),0) | T27: =$R$7-R27 | U27: =_xlfn.XLOOKUP(Q27,Winnings!$A$5:$A$39,Winnings!$U$5:$U$39)
A28: 22 | B28: =IFERROR(INDEX(_xlfn.SORTBY(INDIRECT("'"&$A$1&"'!$E$10:$E$44"),INDIRECT("'"&$A$1&"'!$B$10:$B$44"),-1),ROWS($B$7:B28)),"") | C28: {=IF(B28="","",INDEX(_xlfn.SORTBY(INDIRECT("'"&$A$1&"'!$B$10:$B$44"),INDIRECT("'"&$A$1&"'!$B$10:$B$44"),-1),ROWS($B$7:B28)))} | D28: {=IF(B28="","",INDEX(_xlfn.SORTBY(INDIRECT("'"&$A$1&"'!$C$10:$C$44"),INDIRECT("'"&$A$1&"'!$B$10:$B$44"),-1),ROWS($B$7:B28)))} | E28: =IF(B28="","",D28/16) | F28: =$C$7-C28 | G28: =IF(B28="","",F28) | I28: Week 8 | J28: {=_xlfn.IFNA(_xlfn.XLOOKUP("Phelpy",INDIRECT("'"&I28&"'!$e$10:$e$44"),INDIRECT("'"&I28&"'!$y$10:$y$44")),"")} | P28: 22 | Q28: =_xlfn.XLOOKUP(P28,Table2[Rank],Table2[Player]) | R28: {=_xlfn.XLOOKUP(Q28,Table2[Player],Season!$T$5:$T$39)} | S28: =IFERROR(SUM(_xlfn.XLOOKUP(Q28,Table2[Player],Table2[Season Wins]))/SUM(Season!$B$3:$S$3),0) | T28: =$R$7-R28 | U28: =_xlfn.XLOOKUP(Q28,Winnings!$A$5:$A$39,Winnings!$U$5:$U$39)
A29: 23 | B29: =IFERROR(INDEX(_xlfn.SORTBY(INDIRECT("'"&$A$1&"'!$E$10:$E$44"),INDIRECT("'"&$A$1&"'!$B$10:$B$44"),-1),ROWS($B$7:B29)),"") | C29: {=IF(B29="","",INDEX(_xlfn.SORTBY(INDIRECT("'"&$A$1&"'!$B$10:$B$44"),INDIRECT("'"&$A$1&"'!$B$10:$B$44"),-1),ROWS($B$7:B29)))} | D29: {=IF(B29="","",INDEX(_xlfn.SORTBY(INDIRECT("'"&$A$1&"'!$C$10:$C$44"),INDIRECT("'"&$A$1&"'!$B$10:$B$44"),-1),ROWS($B$7:B29)))} | E29: =IF(B29="","",D29/16) | F29: =$C$7-C29 | G29: =IF(B29="","",F29) | I29: Week 9 | J29: {=_xlfn.IFNA(_xlfn.XLOOKUP("Phelpy",INDIRECT("'"&I29&"'!$e$10:$e$44"),INDIRECT("'"&I29&"'!$y$10:$y$44")),"")} | P29: 23 | Q29: =_xlfn.XLOOKUP(P29,Table2[Rank],Table2[Player]) | R29: {=_xlfn.XLOOKUP(Q29,Table2[Player],Season!$T$5:$T$39)} | S29: =IFERROR(SUM(_xlfn.XLOOKUP(Q29,Table2[Player],Table2[Season Wins]))/SUM(Season!$B$3:$S$3),0) | T29: =$R$7-R29 | U29: =_xlfn.XLOOKUP(Q29,Winnings!$A$5:$A$39,Winnings!$U$5:$U$39)
A30: 24 | B30: =IFERROR(INDEX(_xlfn.SORTBY(INDIRECT("'"&$A$1&"'!$E$10:$E$44"),INDIRECT("'"&$A$1&"'!$B$10:$B$44"),-1),ROWS($B$7:B30)),"") | C30: {=IF(B30="","",INDEX(_xlfn.SORTBY(INDIRECT("'"&$A$1&"'!$B$10:$B$44"),INDIRECT("'"&$A$1&"'!$B$10:$B$44"),-1),ROWS($B$7:B30)))} | D30: {=IF(B30="","",INDEX(_xlfn.SORTBY(INDIRECT("'"&$A$1&"'!$C$10:$C$44"),INDIRECT("'"&$A$1&"'!$B$10:$B$44"),-1),ROWS($B$7:B30)))} | E30: =IF(B30="","",D30/16) | F30: =$C$7-C30 | G30: =IF(B30="","",F30) | I30: Week 10 | J30: {=_xlfn.IFNA(_xlfn.XLOOKUP("Phelpy",INDIRECT("'"&I30&"'!$e$10:$e$44"),INDIRECT("'"&I30&"'!$y$10:$y$44")),"")} | P30: 24 | Q30: =_xlfn.XLOOKUP(P30,Table2[Rank],Table2[Player]) | R30: {=_xlfn.XLOOKUP(Q30,Table2[Player],Season!$T$5:$T$39)} | S30: =IFERROR(SUM(_xlfn.XLOOKUP(Q30,Table2[Player],Table2[Season Wins]))/SUM(Season!$B$3:$S$3),0) | T30: =$R$7-R30 | U30: =_xlfn.XLOOKUP(Q30,Winnings!$A$5:$A$39,Winnings!$U$5:$U$39)
A31: 25 | B31: =IFERROR(INDEX(_xlfn.SORTBY(INDIRECT("'"&$A$1&"'!$E$10:$E$44"),INDIRECT("'"&$A$1&"'!$B$10:$B$44"),-1),ROWS($B$7:B31)),"") | C31: {=IF(B31="","",INDEX(_xlfn.SORTBY(INDIRECT("'"&$A$1&"'!$B$10:$B$44"),INDIRECT("'"&$A$1&"'!$B$10:$B$44"),-1),ROWS($B$7:B31)))} | D31: {=IF(B31="","",INDEX(_xlfn.SORTBY(INDIRECT("'"&$A$1&"'!$C$10:$C$44"),INDIRECT("'"&$A$1&"'!$B$10:$B$44"),-1),ROWS($B$7:B31)))} | E31: =IF(B31="","",D31/16) | F31: =$C$7-C31 | G31: =IF(B31="","",F31) | I31: Week 11 | J31: {=_xlfn.IFNA(_xlfn.XLOOKUP("Phelpy",INDIRECT("'"&I31&"'!$e$10:$e$44"),INDIRECT("'"&I31&"'!$y$10:$y$44")),"")} | P31: 25 | Q31: =_xlfn.XLOOKUP(P31,Table2[Rank],Table2[Player]) | R31: {=_xlfn.XLOOKUP(Q31,Table2[Player],Season!$T$5:$T$39)} | S31: =IFERROR(SUM(_xlfn.XLOOKUP(Q31,Table2[Player],Table2[Season Wins]))/SUM(Season!$B$3:$S$3),0) | T31: =$R$7-R31 | U31: =_xlfn.XLOOKUP(Q31,Winnings!$A$5:$A$39,Winnings!$U$5:$U$39)
A32: 26 | B32: =IFERROR(INDEX(_xlfn.SORTBY(INDIRECT("'"&$A$1&"'!$E$10:$E$44"),INDIRECT("'"&$A$1&"'!$B$10:$B$44"),-1),ROWS($B$7:B32)),"") | C32: {=IF(B32="","",INDEX(_xlfn.SORTBY(INDIRECT("'"&$A$1&"'!$B$10:$B$44"),INDIRECT("'"&$A$1&"'!$B$10:$B$44"),-1),ROWS($B$7:B32)))} | D32: {=IF(B32="","",INDEX(_xlfn.SORTBY(INDIRECT("'"&$A$1&"'!$C$10:$C$44"),INDIRECT("'"&$A$1&"'!$B$10:$B$44"),-1),ROWS($B$7:B32)))} | E32: =IF(B32="","",D32/16) | F32: =$C$7-C32 | G32: =IF(B32="","",F32) | I32: Week 12 | J32: {=_xlfn.IFNA(_xlfn.XLOOKUP("Phelpy",INDIRECT("'"&I32&"'!$e$10:$e$44"),INDIRECT("'"&I32&"'!$y$10:$y$44")),"")} | P32: 26 | Q32: =_xlfn.XLOOKUP(P32,Table2[Rank],Table2[Player]) | R32: {=_xlfn.XLOOKUP(Q32,Table2[Player],Season!$T$5:$T$39)} | S32: =IFERROR(SUM(_xlfn.XLOOKUP(Q32,Table2[Player],Table2[Season Wins]))/SUM(Season!$B$3:$S$3),0) | T32: =$R$7-R32 | U32: =_xlfn.XLOOKUP(Q32,Winnings!$A$5:$A$39,Winnings!$U$5:$U$39)
... A38: 32 | B38: =IFERROR(INDEX(_xlfn.SORTBY(INDIRECT("'"&$A$1&"'!$E$10:$E$44"),INDIRECT("'"&$A$1&"'!$B$10:$B$44"),-1),ROWS($B$7:B38)),"") | C38: {=IF(B38="","",INDEX(_xlfn.SORTBY(INDIRECT("'"&$A$1&"'!$B$10:$B$44"),INDIRECT("'"&$A$1&"'!$B$10:$B$44"),-1),ROWS($B$7:B38)))} | D38: {=IF(B38="","",INDEX(_xlfn.SORTBY(INDIRECT("'"&$A$1&"'!$C$10:$C$44"),INDIRECT("'"&$A$1&"'!$B$10:$B$44"),-1),ROWS($B$7:B38)))} | E38: =IF(B38="","",D38/16) | F38: =$C$7-C38 | G38: =IF(B38="","",F38) | I38: Week 18 | J38: {=_xlfn.IFNA(_xlfn.XLOOKUP("Phelpy",INDIRECT("'"&I38&"'!$e$10:$e$44"),INDIRECT("'"&I38&"'!$y$10:$y$44")),"")} | P38: 32 | Q38: =_xlfn.XLOOKUP(P38,Table2[Rank],Table2[Player]) | R38: {=_xlfn.XLOOKUP(Q38,Table2[Player],Season!$T$5:$T$39)} | S38: =IFERROR(SUM(_xlfn.XLOOKUP(Q38,Table2[Player],Table2[Season Wins]))/SUM(Season!$B$3:$S$3),0) | T38: =$R$7-R38 | U38: =_xlfn.XLOOKUP(Q38,Winnings!$A$5:$A$39,Winnings!$U$5:$U$39)
A39: 33 | B39: =IFERROR(INDEX(_xlfn.SORTBY(INDIRECT("'"&$A$1&"'!$E$10:$E$44"),INDIRECT("'"&$A$1&"'!$B$10:$B$44"),-1),ROWS($B$7:B39)),"") | C39: {=IF(B39="","",INDEX(_xlfn.SORTBY(INDIRECT("'"&$A$1&"'!$B$10:$B$44"),INDIRECT("'"&$A$1&"'!$B$10:$B$44"),-1),ROWS($B$7:B39)))} | D39: {=IF(B39="","",INDEX(_xlfn.SORTBY(INDIRECT("'"&$A$1&"'!$C$10:$C$44"),INDIRECT("'"&$A$1&"'!$B$10:$B$44"),-1),ROWS($B$7:B39)))} | E39: =IF(B39="","",D39/16) | F39: =$C$7-C39 | G39: =IF(B39="","",F39) | P39: 33 | Q39: =_xlfn.XLOOKUP(P39,Table2[Rank],Table2[Player]) | R39: {=_xlfn.XLOOKUP(Q39,Table2[Player],Season!$T$5:$T$39)} | S39: =IFERROR(SUM(_xlfn.XLOOKUP(Q39,Table2[Player],Table2[Season Wins]))/SUM(Season!$B$3:$S$3),0) | T39: =$R$7-R39 | U39: =_xlfn.XLOOKUP(Q39,Winnings!$A$5:$A$39,Winnings!$U$5:$U$39)
A40: 34 | B40: =IFERROR(INDEX(_xlfn.SORTBY(INDIRECT("'"&$A$1&"'!$E$10:$E$44"),INDIRECT("'"&$A$1&"'!$B$10:$B$44"),-1),ROWS($B$7:B40)),"") | C40: {=IF(B40="","",INDEX(_xlfn.SORTBY(INDIRECT("'"&$A$1&"'!$B$10:$B$44"),INDIRECT("'"&$A$1&"'!$B$10:$B$44"),-1),ROWS($B$7:B40)))} | D40: {=IF(B40="","",INDEX(_xlfn.SORTBY(INDIRECT("'"&$A$1&"'!$C$10:$C$44"),INDIRECT("'"&$A$1&"'!$B$10:$B$44"),-1),ROWS($B$7:B40)))} | E40: =IF(B40="","",D40/16) | F40: =$C$7-C40 | G40: =IF(B40="","",F40) | P40: 34 | Q40: =_xlfn.XLOOKUP(P40,Table2[Rank],Table2[Player]) | R40: {=_xlfn.XLOOKUP(Q40,Table2[Player],Season!$T$5:$T$39)} | S40: =IFERROR(SUM(_xlfn.XLOOKUP(Q40,Table2[Player],Table2[Season Wins]))/SUM(Season!$B$3:$S$3),0) | T40: =$R$7-R40 | U40: =_xlfn.XLOOKUP(Q40,Winnings!$A$5:$A$39,Winnings!$U$5:$U$39)
A41: 35 | B41: =IFERROR(INDEX(_xlfn.SORTBY(INDIRECT("'"&$A$1&"'!$E$10:$E$44"),INDIRECT("'"&$A$1&"'!$B$10:$B$44"),-1),ROWS($B$7:B41)),"") | C41: {=IF(B41="","",INDEX(_xlfn.SORTBY(INDIRECT("'"&$A$1&"'!$B$10:$B$44"),INDIRECT("'"&$A$1&"'!$B$10:$B$44"),-1),ROWS($B$7:B41)))} | D41: {=IF(B41="","",INDEX(_xlfn.SORTBY(INDIRECT("'"&$A$1&"'!$C$10:$C$44"),INDIRECT("'"&$A$1&"'!$B$10:$B$44"),-1),ROWS($B$7:B41)))} | E41: =IF(B41="","",D41/16) | F41: =$C$7-C41 | G41: =IF(B41="","",F41) | P41: 35 | Q41: =_xlfn.XLOOKUP(P41,Table2[Rank],Table2[Player]) | R41: {=_xlfn.XLOOKUP(Q41,Table2[Player],Season!$T$5:$T$39)} | S41: =IFERROR(SUM(_xlfn.XLOOKUP(Q41,Table2[Player],Table2[Season Wins]))/SUM(Season!$B$3:$S$3),0) | T41: =$R$7-R41 | U41: =_xlfn.XLOOKUP(Q41,Winnings!$A$5:$A$39,Winnings!$U$5:$U$39)

Sheet Season
A1: 📈 SEASON TRACKER
A3: # of games | B3: 16 | C3: 16 | D3: 16 | E3: 16 | F3: 15 | G3: 14 | H3: 14 | I3: 14 | J3: 15 | K3: 14 | L3: 13 | M3: 16 | N3: 14 | O3: 15 | P3: 16 | Q3: 16 | R3: 16 | S3: 16
A4: Player | B4: Week 1 | C4: Week 2 | D4: Week 3 | E4: Week 4 | F4: Week 5 | G4: Week 6 | H4: Week 7 | I4: Week 8 | J4: Week 9 | K4: Week 10 | L4: Week 11 | M4: Week 12 | N4: Week 13 | O4: Week 14 | P4: Week 15 | Q4: Week 16 | R4: Week 17 | S4: Week 18 | T4: Season Wins | U4: Avg Wins | V4: Best | W4: Worst | X4: Rank | Y4: Season Win %
A5: Bob h | B5: {=_xlfn.IFNA(_xlfn.XLOOKUP($A5,INDIRECT("'"&B$4&"'!$E$10:$E$44"),INDIRECT("'"&B$4&"'!$b$10:$b$44"))," ")} | C5: {=_xlfn.IFNA(_xlfn.XLOOKUP($A5,INDIRECT("'"&C$4&"'!$E$10:$E$44"),INDIRECT("'"&C$4&"'!$b$10:$b$44"))," ")} | D5: {=_xlfn.IFNA(_xlfn.XLOOKUP($A5,INDIRECT("'"&D$4&"'!$E$10:$E$44"),INDIRECT("'"&D$4&"'!$b$10:$b$44"))," ")} | E5: {=_xlfn.IFNA(_xlfn.XLOOKUP($A5,INDIRECT("'"&E$4&"'!$E$10:$E$44"),INDIRECT("'"&E$4&"'!$b$10:$b$44"))," ")} | F5: {=_xlfn.IFNA(_xlfn.XLOOKUP($A5,INDIRECT("'"&F$4&"'!$E$10:$E$44"),INDIRECT("'"&F$4&"'!$b$10:$b$44"))," ")} | G5: {=_xlfn.IFNA(_xlfn.XLOOKUP($A5,INDIRECT("'"&G$4&"'!$E$10:$E$44"),INDIRECT("'"&G$4&"'!$b$10:$b$44"))," ")} | H5: {=_xlfn.IFNA(_xlfn.XLOOKUP($A5,INDIRECT("'"&H$4&"'!$E$10:$E$44"),INDIRECT("'"&H$4&"'!$b$10:$b$44"))," ")} | I5: {=_xlfn.IFNA(_xlfn.XLOOKUP($A5,INDIRECT("'"&I$4&"'!$E$10:$E$44"),INDIRECT("'"&I$4&"'!$b$10:$b$44"))," ")} | ... Q5: {=_xlfn.IFNA(_xlfn.XLOOKUP($A5,INDIRECT("'"&Q$4&"'!$E$10:$E$44"),INDIRECT("'"&Q$4&"'!$b$10:$b$44"))," ")} | T5: =SUM(B5:K5) | U5: =IFERROR(AVERAGEIF(B5:Q5,">=0"),0) | V5: =IFERROR(MAX(B5:Q5),0) | W5: =IFERROR(_xlfn.MINIFS(B5:Q5,B5:Q5,">0"),0) | X5: =RANK(T5,$T$5:$T$39)+COUNTIF($T$5:T5,T5)-1 | Y5: {=IFERROR(T5/SUMPRODUCT(($B5:$C5<>"")*$B$3:$C$3),0)}
A6: Brick_Hauss | B6: {=_xlfn.IFNA(_xlfn.XLOOKUP($A6,INDIRECT("'"&B$4&"'!$E$10:$E$44"),INDIRECT("'"&B$4&"'!$b$10:$b$44"))," ")} | C6: {=_xlfn.IFNA(_xlfn.XLOOKUP($A6,INDIRECT("'"&C$4&"'!$E$10:$E$44"),INDIRECT("'"&C$4&"'!$b$10:$b$44"))," ")} | D6: {=_xlfn.IFNA(_xlfn.XLOOKUP($A6,INDIRECT("'"&D$4&"'!$E$10:$E$44"),INDIRECT("'"&D$4&"'!$b$10:$b$44"))," ")} | E6: {=_xlfn.IFNA(_xlfn.XLOOKUP($A6,INDIRECT("'"&E$4&"'!$E$10:$E$44"),INDIRECT("'"&E$4&"'!$b$10:$b$44"))," ")} | F6: {=_xlfn.IFNA(_xlfn.XLOOKUP($A6,INDIRECT("'"&F$4&"'!$E$10:$E$44"),INDIRECT("'"&F$4&"'!$b$10:$b$44"))," ")} | G6: {=_xlfn.IFNA(_xlfn.XLOOKUP($A6,INDIRECT("'"&G$4&"'!$E$10:$E$44"),INDIRECT("'"&G$4&"'!$b$10:$b$44"))," ")} | H6: {=_xlfn.IFNA(_xlfn.XLOOKUP($A6,INDIRECT("'"&H$4&"'!$E$10:$E$44"),INDIRECT("'"&H$4&"'!$b$10:$b$44"))," ")} | I6: {=_xlfn.IFNA(_xlfn.XLOOKUP($A6,INDIRECT("'"&I$4&"'!$E$10:$E$44"),INDIRECT("'"&I$4&"'!$b$10:$b$44"))," ")} | ... Q6: {=_xlfn.IFNA(_xlfn.XLOOKUP($A6,INDIRECT("'"&Q$4&"'!$E$10:$E$44"),INDIRECT("'"&Q$4&"'!$b$10:$b$44"))," ")} | T6: =SUM(B6:K6) | U6: =IFERROR(AVERAGEIF(B6:Q6,">=0"),0) | V6: =IFERROR(MAX(B6:Q6),0) | W6: =IFERROR(_xlfn.MINIFS(B6:Q6,B6:Q6,">0"),0) | X6: =RANK(T6,$T$5:$T$39)+COUNTIF($T$5:T6,T6)-1 | Y6: {=IFERROR(T6/SUMPRODUCT(($B6:$C6<>"")*$B$3:$C$3),0)}
A7: CraneGuy936 | B7: {=_xlfn.IFNA(_xlfn.XLOOKUP($A7,INDIRECT("'"&B$4&"'!$E$10:$E$44"),INDIRECT("'"&B$4&"'!$b$10:$b$44"))," ")} | C7: {=_xlfn.IFNA(_xlfn.XLOOKUP($A7,INDIRECT("'"&C$4&"'!$E$10:$E$44"),INDIRECT("'"&C$4&"'!$b$10:$b$44"))," ")} | D7: {=_xlfn.IFNA(_xlfn.XLOOKUP($A7,INDIRECT("'"&D$4&"'!$E$10:$E$44"),INDIRECT("'"&D$4&"'!$b$10:$b$44"))," ")} | E7: {=_xlfn.IFNA(_xlfn.XLOOKUP($A7,INDIRECT("'"&E$4&"'!$E$10:$E$44"),INDIRECT("'"&E$4&"'!$b$10:$b$44"))," ")} | F7: {=_xlfn.IFNA(_xlfn.XLOOKUP($A7,INDIRECT("'"&F$4&"'!$E$10:$E$44"),INDIRECT("'"&F$4&"'!$b$10:$b$44"))," ")} | G7: {=_xlfn.IFNA(_xlfn.XLOOKUP($A7,INDIRECT("'"&G$4&"'!$E$10:$E$44"),INDIRECT("'"&G$4&"'!$b$10:$b$44"))," ")} | H7: {=_xlfn.IFNA(_xlfn.XLOOKUP($A7,INDIRECT("'"&H$4&"'!$E$10:$E$44"),INDIRECT("'"&H$4&"'!$b$10:$b$44"))," ")} | I7: {=_xlfn.IFNA(_xlfn.XLOOKUP($A7,INDIRECT("'"&I$4&"'!$E$10:$E$44"),INDIRECT("'"&I$4&"'!$b$10:$b$44"))," ")} | ... Q7: {=_xlfn.IFNA(_xlfn.XLOOKUP($A7,INDIRECT("'"&Q$4&"'!$E$10:$E$44"),INDIRECT("'"&Q$4&"'!$b$10:$b$44"))," ")} | T7: =SUM(B7:K7) | U7: =IFERROR(AVERAGEIF(B7:Q7,">=0"),0) | V7: =IFERROR(MAX(B7:Q7),0) | W7: =IFERROR(_xlfn.MINIFS(B7:Q7,B7:Q7,">0"),0) | X7: =RANK(T7,$T$5:$T$39)+COUNTIF($T$5:T7,T7)-1 | Y7: {=IFERROR(T7/SUMPRODUCT(($B7:$C7<>"")*$B$3:$C$3),0)}
A8: cuetop | B8: {=_xlfn.IFNA(_xlfn.XLOOKUP($A8,INDIRECT("'"&B$4&"'!$E$10:$E$44"),INDIRECT("'"&B$4&"'!$b$10:$b$44"))," ")} | C8: {=_xlfn.IFNA(_xlfn.XLOOKUP($A8,INDIRECT("'"&C$4&"'!$E$10:$E$44"),INDIRECT("'"&C$4&"'!$b$10:$b$44"))," ")} | D8: {=_xlfn.IFNA(_xlfn.XLOOKUP($A8,INDIRECT("'"&D$4&"'!$E$10:$E$44"),INDIRECT("'"&D$4&"'!$b$10:$b$44"))," ")} | E8: {=_xlfn.IFNA(_xlfn.XLOOKUP($A8,INDIRECT("'"&E$4&"'!$E$10:$E$44"),INDIRECT("'"&E$4&"'!$b$10:$b$44"))," ")} | F8: {=_xlfn.IFNA(_xlfn.XLOOKUP($A8,INDIRECT("'"&F$4&"'!$E$10:$E$44"),INDIRECT("'"&F$4&"'!$b$10:$b$44"))," ")} | G8: {=_xlfn.IFNA(_xlfn.XLOOKUP($A8,INDIRECT("'"&G$4&"'!$E$10:$E$44"),INDIRECT("'"&G$4&"'!$b$10:$b$44"))," ")} | H8: {=_xlfn.IFNA(_xlfn.XLOOKUP($A8,INDIRECT("'"&H$4&"'!$E$10:$E$44"),INDIRECT("'"&H$4&"'!$b$10:$b$44"))," ")} | I8: {=_xlfn.IFNA(_xlfn.XLOOKUP($A8,INDIRECT("'"&I$4&"'!$E$10:$E$44"),INDIRECT("'"&I$4&"'!$b$10:$b$44"))," ")} | ... Q8: {=_xlfn.IFNA(_xlfn.XLOOKUP($A8,INDIRECT("'"&Q$4&"'!$E$10:$E$44"),INDIRECT("'"&Q$4&"'!$b$10:$b$44"))," ")} | T8: =SUM(B8:K8) | U8: =IFERROR(AVERAGEIF(B8:Q8,">=0"),0) | V8: =IFERROR(MAX(B8:Q8),0) | W8: =IFERROR(_xlfn.MINIFS(B8:Q8,B8:Q8,">0"),0) | X8: =RANK(T8,$T$5:$T$39)+COUNTIF($T$5:T8,T8)-1 | Y8: {=IFERROR(T8/SUMPRODUCT(($B8:$C8<>"")*$B$3:$C$3),0)}
A9: Ddupuy | B9: {=_xlfn.IFNA(_xlfn.XLOOKUP($A9,INDIRECT("'"&B$4&"'!$E$10:$E$44"),INDIRECT("'"&B$4&"'!$b$10:$b$44"))," ")} | C9: {=_xlfn.IFNA(_xlfn.XLOOKUP($A9,INDIRECT("'"&C$4&"'!$E$10:$E$44"),INDIRECT("'"&C$4&"'!$b$10:$b$44"))," ")} | D9: {=_xlfn.IFNA(_xlfn.XLOOKUP($A9,INDIRECT("'"&D$4&"'!$E$10:$E$44"),INDIRECT("'"&D$4&"'!$b$10:$b$44"))," ")} | E9: {=_xlfn.IFNA(_xlfn.XLOOKUP($A9,INDIRECT("'"&E$4&"'!$E$10:$E$44"),INDIRECT("'"&E$4&"'!$b$10:$b$44"))," ")} | F9: {=_xlfn.IFNA(_xlfn.XLOOKUP($A9,INDIRECT("'"&F$4&"'!$E$10:$E$44"),INDIRECT("'"&F$4&"'!$b$10:$b$44"))," ")} | G9: {=_xlfn.IFNA(_xlfn.XLOOKUP($A9,INDIRECT("'"&G$4&"'!$E$10:$E$44"),INDIRECT("'"&G$4&"'!$b$10:$b$44"))," ")} | H9: {=_xlfn.IFNA(_xlfn.XLOOKUP($A9,INDIRECT("'"&H$4&"'!$E$10:$E$44"),INDIRECT("'"&H$4&"'!$b$10:$b$44"))," ")} | I9: {=_xlfn.IFNA(_xlfn.XLOOKUP($A9,INDIRECT("'"&I$4&"'!$E$10:$E$44"),INDIRECT("'"&I$4&"'!$b$10:$b$44"))," ")} | ... Q9: {=_xlfn.IFNA(_xlfn.XLOOKUP($A9,INDIRECT("'"&Q$4&"'!$E$10:$E$44"),INDIRECT("'"&Q$4&"'!$b$10:$b$44"))," ")} | T9: =SUM(B9:K9) | U9: =IFERROR(AVERAGEIF(B9:Q9,">=0"),0) | V9: =IFERROR(MAX(B9:Q9),0) | W9: =IFERROR(_xlfn.MINIFS(B9:Q9,B9:Q9,">0"),0) | X9: =RANK(T9,$T$5:$T$39)+COUNTIF($T$5:T9,T9)-1 | Y9: {=IFERROR(T9/SUMPRODUCT(($B9:$C9<>"")*$B$3:$C$3),0)}
A10: Debe | B10: {=_xlfn.IFNA(_xlfn.XLOOKUP($A10,INDIRECT("'"&B$4&"'!$E$10:$E$44"),INDIRECT("'"&B$4&"'!$b$10:$b$44"))," ")} | C10: {=_xlfn.IFNA(_xlfn.XLOOKUP($A10,INDIRECT("'"&C$4&"'!$E$10:$E$44"),INDIRECT("'"&C$4&"'!$b$10:$b$44"))," ")} | D10: {=_xlfn.IFNA(_xlfn.XLOOKUP($A10,INDIRECT("'"&D$4&"'!$E$10:$E$44"),INDIRECT("'"&D$4&"'!$b$10:$b$44"))," ")} | E10: {=_xlfn.IFNA(_xlfn.XLOOKUP($A10,INDIRECT("'"&E$4&"'!$E$10:$E$44"),INDIRECT("'"&E$4&"'!$b$10:$b$44"))," ")} | F10: {=_xlfn.IFNA(_xlfn.XLOOKUP($A10,INDIRECT("'"&F$4&"'!$E$10:$E$44"),INDIRECT("'"&F$4&"'!$b$10:$b$44"))," ")} | G10: {=_xlfn.IFNA(_xlfn.XLOOKUP($A10,INDIRECT("'"&G$4&"'!$E$10:$E$44"),INDIRECT("'"&G$4&"'!$b$10:$b$44"))," ")} | H10: {=_xlfn.IFNA(_xlfn.XLOOKUP($A10,INDIRECT("'"&H$4&"'!$E$10:$E$44"),INDIRECT("'"&H$4&"'!$b$10:$b$44"))," ")} | I10: {=_xlfn.IFNA(_xlfn.XLOOKUP($A10,INDIRECT("'"&I$4&"'!$E$10:$E$44"),INDIRECT("'"&I$4&"'!$b$10:$b$44"))," ")} | ... Q10: {=_xlfn.IFNA(_xlfn.XLOOKUP($A10,INDIRECT("'"&Q$4&"'!$E$10:$E$44"),INDIRECT("'"&Q$4&"'!$b$10:$b$44"))," ")} | T10: =SUM(B10:K10) | U10: =IFERROR(AVERAGEIF(B10:Q10,">=0"),0) | V10: =IFERROR(MAX(B10:Q10),0) | W10: =IFERROR(_xlfn.MINIFS(B10:Q10,B10:Q10,">0"),0) | X10: =RANK(T10,$T$5:$T$39)+COUNTIF($T$5:T10,T10)-1 | Y10: {=IFERROR(T10/SUMPRODUCT(($B10:$C10<>"")*$B$3:$C$3),0)}
A11: DPSOG | B11: {=_xlfn.IFNA(_xlfn.XLOOKUP($A11,INDIRECT("'"&B$4&"'!$E$10:$E$44"),INDIRECT("'"&B$4&"'!$b$10:$b$44"))," ")} | C11: {=_xlfn.IFNA(_xlfn.XLOOKUP($A11,INDIRECT("'"&C$4&"'!$E$10:$E$44"),INDIRECT("'"&C$4&"'!$b$10:$b$44"))," ")} | D11: {=_xlfn.IFNA(_xlfn.XLOOKUP($A11,INDIRECT("'"&D$4&"'!$E$10:$E$44"),INDIRECT("'"&D$4&"'!$b$10:$b$44"))," ")} | E11: {=_xlfn.IFNA(_xlfn.XLOOKUP($A11,INDIRECT("'"&E$4&"'!$E$10:$E$44"),INDIRECT("'"&E$4&"'!$b$10:$b$44"))," ")} | F11: {=_xlfn.IFNA(_xlfn.XLOOKUP($A11,INDIRECT("'"&F$4&"'!$E$10:$E$44"),INDIRECT("'"&F$4&"'!$b$10:$b$44"))," ")} | G11: {=_xlfn.IFNA(_xlfn.XLOOKUP($A11,INDIRECT("'"&G$4&"'!$E$10:$E$44"),INDIRECT("'"&G$4&"'!$b$10:$b$44"))," ")} | H11: {=_xlfn.IFNA(_xlfn.XLOOKUP($A11,INDIRECT("'"&H$4&"'!$E$10:$E$44"),INDIRECT("'"&H$4&"'!$b$10:$b$44"))," ")} | I11: {=_xlfn.IFNA(_xlfn.XLOOKUP($A11,INDIRECT("'"&I$4&"'!$E$10:$E$44"),INDIRECT("'"&I$4&"'!$b$10:$b$44"))," ")} | ... Q11: {=_xlfn.IFNA(_xlfn.XLOOKUP($A11,INDIRECT("'"&Q$4&"'!$E$10:$E$44"),INDIRECT("'"&Q$4&"'!$b$10:$b$44"))," ")} | T11: =SUM(B11:K11) | U11: =IFERROR(AVERAGEIF(B11:Q11,">=0"),0) | V11: =IFERROR(MAX(B11:Q11),0) | W11: =IFERROR(_xlfn.MINIFS(B11:Q11,B11:Q11,">0"),0) | X11: =RANK(T11,$T$5:$T$39)+COUNTIF($T$5:T11,T11)-1 | Y11: {=IFERROR(T11/SUMPRODUCT(($B11:$C11<>"")*$B$3:$C$3),0)}
A12: FMF Doc | B12: {=_xlfn.IFNA(_xlfn.XLOOKUP($A12,INDIRECT("'"&B$4&"'!$E$10:$E$44"),INDIRECT("'"&B$4&"'!$b$10:$b$44"))," ")} | C12: {=_xlfn.IFNA(_xlfn.XLOOKUP($A12,INDIRECT("'"&C$4&"'!$E$10:$E$44"),INDIRECT("'"&C$4&"'!$b$10:$b$44"))," ")} | D12: {=_xlfn.IFNA(_xlfn.XLOOKUP($A12,INDIRECT("'"&D$4&"'!$E$10:$E$44"),INDIRECT("'"&D$4&"'!$b$10:$b$44"))," ")} | E12: {=_xlfn.IFNA(_xlfn.XLOOKUP($A12,INDIRECT("'"&E$4&"'!$E$10:$E$44"),INDIRECT("'"&E$4&"'!$b$10:$b$44"))," ")} | F12: {=_xlfn.IFNA(_xlfn.XLOOKUP($A12,INDIRECT("'"&F$4&"'!$E$10:$E$44"),INDIRECT("'"&F$4&"'!$b$10:$b$44"))," ")} | G12: {=_xlfn.IFNA(_xlfn.XLOOKUP($A12,INDIRECT("'"&G$4&"'!$E$10:$E$44"),INDIRECT("'"&G$4&"'!$b$10:$b$44"))," ")} | H12: {=_xlfn.IFNA(_xlfn.XLOOKUP($A12,INDIRECT("'"&H$4&"'!$E$10:$E$44"),INDIRECT("'"&H$4&"'!$b$10:$b$44"))," ")} | I12: {=_xlfn.IFNA(_xlfn.XLOOKUP($A12,INDIRECT("'"&I$4&"'!$E$10:$E$44"),INDIRECT("'"&I$4&"'!$b$10:$b$44"))," ")} | ... Q12: {=_xlfn.IFNA(_xlfn.XLOOKUP($A12,INDIRECT("'"&Q$4&"'!$E$10:$E$44"),INDIRECT("'"&Q$4&"'!$b$10:$b$44"))," ")} | T12: =SUM(B12:K12) | U12: =IFERROR(AVERAGEIF(B12:Q12,">=0"),0) | V12: =IFERROR(MAX(B12:Q12),0) | W12: =IFERROR(_xlfn.MINIFS(B12:Q12,B12:Q12,">0"),0) | X12: =RANK(T12,$T$5:$T$39)+COUNTIF($T$5:T12,T12)-1 | Y12: {=IFERROR(T12/SUMPRODUCT(($B12:$C12<>"")*$B$3:$C$3),0)}
A13: Frankethetank | B13: {=_xlfn.IFNA(_xlfn.XLOOKUP($A13,INDIRECT("'"&B$4&"'!$E$10:$E$44"),INDIRECT("'"&B$4&"'!$b$10:$b$44"))," ")} | C13: {=_xlfn.IFNA(_xlfn.XLOOKUP($A13,INDIRECT("'"&C$4&"'!$E$10:$E$44"),INDIRECT("'"&C$4&"'!$b$10:$b$44"))," ")} | D13: {=_xlfn.IFNA(_xlfn.XLOOKUP($A13,INDIRECT("'"&D$4&"'!$E$10:$E$44"),INDIRECT("'"&D$4&"'!$b$10:$b$44"))," ")} | E13: {=_xlfn.IFNA(_xlfn.XLOOKUP($A13,INDIRECT("'"&E$4&"'!$E$10:$E$44"),INDIRECT("'"&E$4&"'!$b$10:$b$44"))," ")} | F13: {=_xlfn.IFNA(_xlfn.XLOOKUP($A13,INDIRECT("'"&F$4&"'!$E$10:$E$44"),INDIRECT("'"&F$4&"'!$b$10:$b$44"))," ")} | G13: {=_xlfn.IFNA(_xlfn.XLOOKUP($A13,INDIRECT("'"&G$4&"'!$E$10:$E$44"),INDIRECT("'"&G$4&"'!$b$10:$b$44"))," ")} | H13: {=_xlfn.IFNA(_xlfn.XLOOKUP($A13,INDIRECT("'"&H$4&"'!$E$10:$E$44"),INDIRECT("'"&H$4&"'!$b$10:$b$44"))," ")} | I13: {=_xlfn.IFNA(_xlfn.XLOOKUP($A13,INDIRECT("'"&I$4&"'!$E$10:$E$44"),INDIRECT("'"&I$4&"'!$b$10:$b$44"))," ")} | ... Q13: {=_xlfn.IFNA(_xlfn.XLOOKUP($A13,INDIRECT("'"&Q$4&"'!$E$10:$E$44"),INDIRECT("'"&Q$4&"'!$b$10:$b$44"))," ")} | T13: =SUM(B13:K13) | U13: =IFERROR(AVERAGEIF(B13:Q13,">=0"),0) | V13: =IFERROR(MAX(B13:Q13),0) | W13: =IFERROR(_xlfn.MINIFS(B13:Q13,B13:Q13,">0"),0) | X13: =RANK(T13,$T$5:$T$39)+COUNTIF($T$5:T13,T13)-1 | Y13: {=IFERROR(T13/SUMPRODUCT(($B13:$C13<>"")*$B$3:$C$3),0)}
A14: Gr8granpa | B14: {=_xlfn.IFNA(_xlfn.XLOOKUP($A14,INDIRECT("'"&B$4&"'!$E$10:$E$44"),INDIRECT("'"&B$4&"'!$b$10:$b$44"))," ")} | C14: {=_xlfn.IFNA(_xlfn.XLOOKUP($A14,INDIRECT("'"&C$4&"'!$E$10:$E$44"),INDIRECT("'"&C$4&"'!$b$10:$b$44"))," ")} | D14: {=_xlfn.IFNA(_xlfn.XLOOKUP($A14,INDIRECT("'"&D$4&"'!$E$10:$E$44"),INDIRECT("'"&D$4&"'!$b$10:$b$44"))," ")} | E14: {=_xlfn.IFNA(_xlfn.XLOOKUP($A14,INDIRECT("'"&E$4&"'!$E$10:$E$44"),INDIRECT("'"&E$4&"'!$b$10:$b$44"))," ")} | F14: {=_xlfn.IFNA(_xlfn.XLOOKUP($A14,INDIRECT("'"&F$4&"'!$E$10:$E$44"),INDIRECT("'"&F$4&"'!$b$10:$b$44"))," ")} | G14: {=_xlfn.IFNA(_xlfn.XLOOKUP($A14,INDIRECT("'"&G$4&"'!$E$10:$E$44"),INDIRECT("'"&G$4&"'!$b$10:$b$44"))," ")} | H14: {=_xlfn.IFNA(_xlfn.XLOOKUP($A14,INDIRECT("'"&H$4&"'!$E$10:$E$44"),INDIRECT("'"&H$4&"'!$b$10:$b$44"))," ")} | I14: {=_xlfn.IFNA(_xlfn.XLOOKUP($A14,INDIRECT("'"&I$4&"'!$E$10:$E$44"),INDIRECT("'"&I$4&"'!$b$10:$b$44"))," ")} | ... Q14: {=_xlfn.IFNA(_xlfn.XLOOKUP($A14,INDIRECT("'"&Q$4&"'!$E$10:$E$44"),INDIRECT("'"&Q$4&"'!$b$10:$b$44"))," ")} | T14: =SUM(B14:K14) | U14: =IFERROR(AVERAGEIF(B14:Q14,">=0"),0) | V14: =IFERROR(MAX(B14:Q14),0) | W14: =IFERROR(_xlfn.MINIFS(B14:Q14,B14:Q14,">0"),0) | X14: =RANK(T14,$T$5:$T$39)+COUNTIF($T$5:T14,T14)-1 | Y14: {=IFERROR(T14/SUMPRODUCT(($B14:$C14<>"")*$B$3:$C$3),0)}
A15: Ian | B15: {=_xlfn.IFNA(_xlfn.XLOOKUP($A15,INDIRECT("'"&B$4&"'!$E$10:$E$44"),INDIRECT("'"&B$4&"'!$b$10:$b$44"))," ")} | C15: {=_xlfn.IFNA(_xlfn.XLOOKUP($A15,INDIRECT("'"&C$4&"'!$E$10:$E$44"),INDIRECT("'"&C$4&"'!$b$10:$b$44"))," ")} | D15: {=_xlfn.IFNA(_xlfn.XLOOKUP($A15,INDIRECT("'"&D$4&"'!$E$10:$E$44"),INDIRECT("'"&D$4&"'!$b$10:$b$44"))," ")} | E15: {=_xlfn.IFNA(_xlfn.XLOOKUP($A15,INDIRECT("'"&E$4&"'!$E$10:$E$44"),INDIRECT("'"&E$4&"'!$b$10:$b$44"))," ")} | F15: {=_xlfn.IFNA(_xlfn.XLOOKUP($A15,INDIRECT("'"&F$4&"'!$E$10:$E$44"),INDIRECT("'"&F$4&"'!$b$10:$b$44"))," ")} | G15: {=_xlfn.IFNA(_xlfn.XLOOKUP($A15,INDIRECT("'"&G$4&"'!$E$10:$E$44"),INDIRECT("'"&G$4&"'!$b$10:$b$44"))," ")} | H15: {=_xlfn.IFNA(_xlfn.XLOOKUP($A15,INDIRECT("'"&H$4&"'!$E$10:$E$44"),INDIRECT("'"&H$4&"'!$b$10:$b$44"))," ")} | I15: {=_xlfn.IFNA(_xlfn.XLOOKUP($A15,INDIRECT("'"&I$4&"'!$E$10:$E$44"),INDIRECT("'"&I$4&"'!$b$10:$b$44"))," ")} | ... Q15: {=_xlfn.IFNA(_xlfn.XLOOKUP($A15,INDIRECT("'"&Q$4&"'!$E$10:$E$44"),INDIRECT("'"&Q$4&"'!$b$10:$b$44"))," ")} | T15: =SUM(B15:K15) | U15: =IFERROR(AVERAGEIF(B15:Q15,">=0"),0) | V15: =IFERROR(MAX(B15:Q15),0) | W15: =IFERROR(_xlfn.MINIFS(B15:Q15,B15:Q15,">0"),0) | X15: =RANK(T15,$T$5:$T$39)+COUNTIF($T$5:T15,T15)-1 | Y15: {=IFERROR(T15/SUMPRODUCT(($B15:$C15<>"")*$B$3:$C$3),0)}
A16: Jim T | B16: {=_xlfn.IFNA(_xlfn.XLOOKUP($A16,INDIRECT("'"&B$4&"'!$E$10:$E$44"),INDIRECT("'"&B$4&"'!$b$10:$b$44"))," ")} | C16: {=_xlfn.IFNA(_xlfn.XLOOKUP($A16,INDIRECT("'"&C$4&"'!$E$10:$E$44"),INDIRECT("'"&C$4&"'!$b$10:$b$44"))," ")} | D16: {=_xlfn.IFNA(_xlfn.XLOOKUP($A16,INDIRECT("'"&D$4&"'!$E$10:$E$44"),INDIRECT("'"&D$4&"'!$b$10:$b$44"))," ")} | E16: {=_xlfn.IFNA(_xlfn.XLOOKUP($A16,INDIRECT("'"&E$4&"'!$E$10:$E$44"),INDIRECT("'"&E$4&"'!$b$10:$b$44"))," ")} | F16: {=_xlfn.IFNA(_xlfn.XLOOKUP($A16,INDIRECT("'"&F$4&"'!$E$10:$E$44"),INDIRECT("'"&F$4&"'!$b$10:$b$44"))," ")} | G16: {=_xlfn.IFNA(_xlfn.XLOOKUP($A16,INDIRECT("'"&G$4&"'!$E$10:$E$44"),INDIRECT("'"&G$4&"'!$b$10:$b$44"))," ")} | H16: {=_xlfn.IFNA(_xlfn.XLOOKUP($A16,INDIRECT("'"&H$4&"'!$E$10:$E$44"),INDIRECT("'"&H$4&"'!$b$10:$b$44"))," ")} | I16: {=_xlfn.IFNA(_xlfn.XLOOKUP($A16,INDIRECT("'"&I$4&"'!$E$10:$E$44"),INDIRECT("'"&I$4&"'!$b$10:$b$44"))," ")} | ... Q16: {=_xlfn.IFNA(_xlfn.XLOOKUP($A16,INDIRECT("'"&Q$4&"'!$E$10:$E$44"),INDIRECT("'"&Q$4&"'!$b$10:$b$44"))," ")} | T16: =SUM(B16:K16) | U16: =IFERROR(AVERAGEIF(B16:Q16,">=0"),0) | V16: =IFERROR(MAX(B16:Q16),0) | W16: =IFERROR(_xlfn.MINIFS(B16:Q16,B16:Q16,">0"),0) | X16: =RANK(T16,$T$5:$T$39)+COUNTIF($T$5:T16,T16)-1 | Y16: {=IFERROR(T16/SUMPRODUCT(($B16:$C16<>"")*$B$3:$C$3),0)}
... A39: Zach N | B39: {=_xlfn.IFNA(_xlfn.XLOOKUP($A39,INDIRECT("'"&B$4&"'!$E$10:$E$44"),INDIRECT("'"&B$4&"'!$b$10:$b$44"))," ")} | C39: {=_xlfn.IFNA(_xlfn.XLOOKUP($A39,INDIRECT("'"&C$4&"'!$E$10:$E$44"),INDIRECT("'"&C$4&"'!$b$10:$b$44"))," ")} | D39: {=_xlfn.IFNA(_xlfn.XLOOKUP($A39,INDIRECT("'"&D$4&"'!$E$10:$E$44"),INDIRECT("'"&D$4&"'!$b$10:$b$44"))," ")} | E39: {=_xlfn.IFNA(_xlfn.XLOOKUP($A39,INDIRECT("'"&E$4&"'!$E$10:$E$44"),INDIRECT("'"&E$4&"'!$b$10:$b$44"))," ")} | F39: {=_xlfn.IFNA(_xlfn.XLOOKUP($A39,INDIRECT("'"&F$4&"'!$E$10:$E$44"),INDIRECT("'"&F$4&"'!$b$10:$b$44"))," ")} | G39: {=_xlfn.IFNA(_xlfn.XLOOKUP($A39,INDIRECT("'"&G$4&"'!$E$10:$E$44"),INDIRECT("'"&G$4&"'!$b$10:$b$44"))," ")} | H39: {=_xlfn.IFNA(_xlfn.XLOOKUP($A39,INDIRECT("'"&H$4&"'!$E$10:$E$44"),INDIRECT("'"&H$4&"'!$b$10:$b$44"))," ")} | I39: {=_xlfn.IFNA(_xlfn.XLOOKUP($A39,INDIRECT("'"&I$4&"'!$E$10:$E$44"),INDIRECT("'"&I$4&"'!$b$10:$b$44"))," ")} | ... Q39: {=_xlfn.IFNA(_xlfn.XLOOKUP($A39,INDIRECT("'"&Q$4&"'!$E$10:$E$44"),INDIRECT("'"&Q$4&"'!$b$10:$b$44"))," ")} | T39: =SUM(B39:K39) | U39: =IFERROR(AVERAGEIF(B39:Q39,">=0"),0) | V39: =IFERROR(MAX(B39:Q39),0) | W39: =IFERROR(_xlfn.MINIFS(B39:Q39,B39:Q39,">0"),0) | X39: =RANK(T39,$T$5:$T$39)+COUNTIF($T$5:T39,T39)-1 | Y39: {=IFERROR(T39/SUMPRODUCT(($B39:$C39<>"")*$B$3:$C$3),0)}

Sheet Winnings
A1: $$$ WINNINGS
B3: Buy in $40
A4: Player | B4: Week 1 | C4: Week 2 | D4: Week 3 | E4: Week 4 | F4: Week 5 | G4: Week 6 | H4: Week 7 | I4: Week 8 | J4: Week 9 | K4: Week 10 | L4: Week 11 | M4: Week 12 | N4: Week 13 | O4: Week 14 | P4: Week 15 | Q4: Week 16 | R4: Week 17 | S4: Week 18 | T4: Winning | U4: Total | V4: Avg | W4: Best
A5: Bob h | B5: {=_xlfn.IFNA(_xlfn.XLOOKUP($A5,INDIRECT("'"&B$4&"'!$E$10:$E$44"),INDIRECT("'"&B$4&"'!$A$10:$A$44"))," ")} | C5: {=_xlfn.IFNA(_xlfn.XLOOKUP($A5,INDIRECT("'"&C$4&"'!$E$10:$E$44"),INDIRECT("'"&C$4&"'!$A$10:$A$44"))," ")} | D5: {=_xlfn.IFNA(_xlfn.XLOOKUP($A5,INDIRECT("'"&D$4&"'!$E$10:$E$44"),INDIRECT("'"&D$4&"'!$A$10:$A$44"))," ")} | E5: {=_xlfn.IFNA(_xlfn.XLOOKUP($A5,INDIRECT("'"&E$4&"'!$E$10:$E$44"),INDIRECT("'"&E$4&"'!$A$10:$A$44"))," ")} | F5: {=_xlfn.IFNA(_xlfn.XLOOKUP($A5,INDIRECT("'"&F$4&"'!$E$10:$E$44"),INDIRECT("'"&F$4&"'!$A$10:$A$44"))," ")} | G5: {=_xlfn.IFNA(_xlfn.XLOOKUP($A5,INDIRECT("'"&G$4&"'!$E$10:$E$44"),INDIRECT("'"&G$4&"'!$A$10:$A$44"))," ")} | H5: {=_xlfn.IFNA(_xlfn.XLOOKUP($A5,INDIRECT("'"&H$4&"'!$E$10:$E$44"),INDIRECT("'"&H$4&"'!$A$10:$A$44"))," ")} | I5: {=_xlfn.IFNA(_xlfn.XLOOKUP($A5,INDIRECT("'"&I$4&"'!$E$10:$E$44"),INDIRECT("'"&I$4&"'!$A$10:$A$44"))," ")} | ... S5: {=_xlfn.IFNA(_xlfn.XLOOKUP($A5,INDIRECT("'"&S$4&"'!$E$10:$E$44"),INDIRECT("'"&S$4&"'!$A$10:$A$44"))," ")} | T5: =SUM(Table5[[#This Row],[Week 1]:[Week 18]]) | U5: =SUM(B5:S5)-40 | V5: =IFERROR(SUM(B5:S5)/COUNT(B5:S5),0) | W5: =IFERROR(MAX(B5:S5),0)
A6: Brick_Hauss | B6: {=_xlfn.IFNA(_xlfn.XLOOKUP($A6,INDIRECT("'"&B$4&"'!$E$10:$E$44"),INDIRECT("'"&B$4&"'!$A$10:$A$44"))," ")} | C6: {=_xlfn.IFNA(_xlfn.XLOOKUP($A6,INDIRECT("'"&C$4&"'!$E$10:$E$44"),INDIRECT("'"&C$4&"'!$A$10:$A$44"))," ")} | D6: {=_xlfn.IFNA(_xlfn.XLOOKUP($A6,INDIRECT("'"&D$4&"'!$E$10:$E$44"),INDIRECT("'"&D$4&"'!$A$10:$A$44"))," ")} | E6: {=_xlfn.IFNA(_xlfn.XLOOKUP($A6,INDIRECT("'"&E$4&"'!$E$10:$E$44"),INDIRECT("'"&E$4&"'!$A$10:$A$44"))," ")} | F6: {=_xlfn.IFNA(_xlfn.XLOOKUP($A6,INDIRECT("'"&F$4&"'!$E$10:$E$44"),INDIRECT("'"&F$4&"'!$A$10:$A$44"))," ")} | G6: {=_xlfn.IFNA(_xlfn.XLOOKUP($A6,INDIRECT("'"&G$4&"'!$E$10:$E$44"),INDIRECT("'"&G$4&"'!$A$10:$A$44"))," ")} | H6: {=_xlfn.IFNA(_xlfn.XLOOKUP($A6,INDIRECT("'"&H$4&"'!$E$10:$E$44"),INDIRECT("'"&H$4&"'!$A$10:$A$44"))," ")} | I6: {=_xlfn.IFNA(_xlfn.XLOOKUP($A6,INDIRECT("'"&I$4&"'!$E$10:$E$44"),INDIRECT("'"&I$4&"'!$A$10:$A$44"))," ")} | ... S6: {=_xlfn.IFNA(_xlfn.XLOOKUP($A6,INDIRECT("'"&S$4&"'!$E$10:$E$44"),INDIRECT("'"&S$4&"'!$A$10:$A$44"))," ")} | T6: =SUM(Table5[[#This Row],[Week 1]:[Week 18]]) | U6: =SUM(B6:S6)-40 | V6: =IFERROR(SUM(B6:S6)/COUNT(B6:S6),0) | W6: =IFERROR(MAX(B6:S6),0)
A7: CraneGuy936 | B7: {=_xlfn.IFNA(_xlfn.XLOOKUP($A7,INDIRECT("'"&B$4&"'!$E$10:$E$44"),INDIRECT("'"&B$4&"'!$A$10:$A$44"))," ")} | C7: {=_xlfn.IFNA(_xlfn.XLOOKUP($A7,INDIRECT("'"&C$4&"'!$E$10:$E$44"),INDIRECT("'"&C$4&"'!$A$10:$A$44"))," ")} | D7: {=_xlfn.IFNA(_xlfn.XLOOKUP($A7,INDIRECT("'"&D$4&"'!$E$10:$E$44"),INDIRECT("'"&D$4&"'!$A$10:$A$44"))," ")} | E7: {=_xlfn.IFNA(_xlfn.XLOOKUP($A7,INDIRECT("'"&E$4&"'!$E$10:$E$44"),INDIRECT("'"&E$4&"'!$A$10:$A$44"))," ")} | F7: {=_xlfn.IFNA(_xlfn.XLOOKUP($A7,INDIRECT("'"&F$4&"'!$E$10:$E$44"),INDIRECT("'"&F$4&"'!$A$10:$A$44"))," ")} | G7: {=_xlfn.IFNA(_xlfn.XLOOKUP($A7,INDIRECT("'"&G$4&"'!$E$10:$E$44"),INDIRECT("'"&G$4&"'!$A$10:$A$44"))," ")} | H7: {=_xlfn.IFNA(_xlfn.XLOOKUP($A7,INDIRECT("'"&H$4&"'!$E$10:$E$44"),INDIRECT("'"&H$4&"'!$A$10:$A$44"))," ")} | I7: {=_xlfn.IFNA(_xlfn.XLOOKUP($A7,INDIRECT("'"&I$4&"'!$E$10:$E$44"),INDIRECT("'"&I$4&"'!$A$10:$A$44"))," ")} | ... S7: {=_xlfn.IFNA(_xlfn.XLOOKUP($A7,INDIRECT("'"&S$4&"'!$E$10:$E$44"),INDIRECT("'"&S$4&"'!$A$10:$A$44"))," ")} | T7: =SUM(Table5[[#This Row],[Week 1]:[Week 18]]) | U7: =SUM(B7:S7)-40 | V7: =IFERROR(SUM(B7:S7)/COUNT(B7:S7),0) | W7: =IFERROR(MAX(B7:S7),0)
A8: cuetop | B8: {=_xlfn.IFNA(_xlfn.XLOOKUP($A8,INDIRECT("'"&B$4&"'!$E$10:$E$44"),INDIRECT("'"&B$4&"'!$A$10:$A$44"))," ")} | C8: {=_xlfn.IFNA(_xlfn.XLOOKUP($A8,INDIRECT("'"&C$4&"'!$E$10:$E$44"),INDIRECT("'"&C$4&"'!$A$10:$A$44"))," ")} | D8: {=_xlfn.IFNA(_xlfn.XLOOKUP($A8,INDIRECT("'"&D$4&"'!$E$10:$E$44"),INDIRECT("'"&D$4&"'!$A$10:$A$44"))," ")} | E8: {=_xlfn.IFNA(_xlfn.XLOOKUP($A8,INDIRECT("'"&E$4&"'!$E$10:$E$44"),INDIRECT("'"&E$4&"'!$A$10:$A$44"))," ")} | F8: {=_xlfn.IFNA(_xlfn.XLOOKUP($A8,INDIRECT("'"&F$4&"'!$E$10:$E$44"),INDIRECT("'"&F$4&"'!$A$10:$A$44"))," ")} | G8: {=_xlfn.IFNA(_xlfn.XLOOKUP($A8,INDIRECT("'"&G$4&"'!$E$10:$E$44"),INDIRECT("'"&G$4&"'!$A$10:$A$44"))," ")} | H8: {=_xlfn.IFNA(_xlfn.XLOOKUP($A8,INDIRECT("'"&H$4&"'!$E$10:$E$44"),INDIRECT("'"&H$4&"'!$A$10:$A$44"))," ")} | I8: {=_xlfn.IFNA(_xlfn.XLOOKUP($A8,INDIRECT("'"&I$4&"'!$E$10:$E$44"),INDIRECT("'"&I$4&"'!$A$10:$A$44"))," ")} | ... S8: {=_xlfn.IFNA(_xlfn.XLOOKUP($A8,INDIRECT("'"&S$4&"'!$E$10:$E$44"),INDIRECT("'"&S$4&"'!$A$10:$A$44"))," ")} | T8: =SUM(Table5[[#This Row],[Week 1]:[Week 18]]) | U8: =SUM(B8:S8)-40 | V8: =IFERROR(SUM(B8:S8)/COUNT(B8:S8),0) | W8: =IFERROR(MAX(B8:S8),0)
A9: Ddupuy | B9: {=_xlfn.IFNA(_xlfn.XLOOKUP($A9,INDIRECT("'"&B$4&"'!$E$10:$E$44"),INDIRECT("'"&B$4&"'!$A$10:$A$44"))," ")} | C9: {=_xlfn.IFNA(_xlfn.XLOOKUP($A9,INDIRECT("'"&C$4&"'!$E$10:$E$44"),INDIRECT("'"&C$4&"'!$A$10:$A$44"))," ")} | D9: {=_xlfn.IFNA(_xlfn.XLOOKUP($A9,INDIRECT("'"&D$4&"'!$E$10:$E$44"),INDIRECT("'"&D$4&"'!$A$10:$A$44"))," ")} | E9: {=_xlfn.IFNA(_xlfn.XLOOKUP($A9,INDIRECT("'"&E$4&"'!$E$10:$E$44"),INDIRECT("'"&E$4&"'!$A$10:$A$44"))," ")} | F9: {=_xlfn.IFNA(_xlfn.XLOOKUP($A9,INDIRECT("'"&F$4&"'!$E$10:$E$44"),INDIRECT("'"&F$4&"'!$A$10:$A$44"))," ")} | G9: {=_xlfn.IFNA(_xlfn.XLOOKUP($A9,INDIRECT("'"&G$4&"'!$E$10:$E$44"),INDIRECT("'"&G$4&"'!$A$10:$A$44"))," ")} | H9: {=_xlfn.IFNA(_xlfn.XLOOKUP($A9,INDIRECT("'"&H$4&"'!$E$10:$E$44"),INDIRECT("'"&H$4&"'!$A$10:$A$44"))," ")} | I9: {=_xlfn.IFNA(_xlfn.XLOOKUP($A9,INDIRECT("'"&I$4&"'!$E$10:$E$44"),INDIRECT("'"&I$4&"'!$A$10:$A$44"))," ")} | ... S9: {=_xlfn.IFNA(_xlfn.XLOOKUP($A9,INDIRECT("'"&S$4&"'!$E$10:$E$44"),INDIRECT("'"&S$4&"'!$A$10:$A$44"))," ")} | T9: =SUM(Table5[[#This Row],[Week 1]:[Week 18]]) | U9: =SUM(B9:S9)-40 | V9: =IFERROR(SUM(B9:S9)/COUNT(B9:S9),0) | W9: =IFERROR(MAX(B9:S9),0)
A10: Debe | B10: {=_xlfn.IFNA(_xlfn.XLOOKUP($A10,INDIRECT("'"&B$4&"'!$E$10:$E$44"),INDIRECT("'"&B$4&"'!$A$10:$A$44"))," ")} | C10: {=_xlfn.IFNA(_xlfn.XLOOKUP($A10,INDIRECT("'"&C$4&"'!$E$10:$E$44"),INDIRECT("'"&C$4&"'!$A$10:$A$44"))," ")} | D10: {=_xlfn.IFNA(_xlfn.XLOOKUP($A10,INDIRECT("'"&D$4&"'!$E$10:$E$44"),INDIRECT("'"&D$4&"'!$A$10:$A$44"))," ")} | E10: {=_xlfn.IFNA(_xlfn.XLOOKUP($A10,INDIRECT("'"&E$4&"'!$E$10:$E$44"),INDIRECT("'"&E$4&"'!$A$10:$A$44"))," ")} | F10: {=_xlfn.IFNA(_xlfn.XLOOKUP($A10,INDIRECT("'"&F$4&"'!$E$10:$E$44"),INDIRECT("'"&F$4&"'!$A$10:$A$44"))," ")} | G10: {=_xlfn.IFNA(_xlfn.XLOOKUP($A10,INDIRECT("'"&G$4&"'!$E$10:$E$44"),INDIRECT("'"&G$4&"'!$A$10:$A$44"))," ")} | H10: {=_xlfn.IFNA(_xlfn.XLOOKUP($A10,INDIRECT("'"&H$4&"'!$E$10:$E$44"),INDIRECT("'"&H$4&"'!$A$10:$A$44"))," ")} | I10: {=_xlfn.IFNA(_xlfn.XLOOKUP($A10,INDIRECT("'"&I$4&"'!$E$10:$E$44"),INDIRECT("'"&I$4&"'!$A$10:$A$44"))," ")} | ... S10: {=_xlfn.IFNA(_xlfn.XLOOKUP($A10,INDIRECT("'"&S$4&"'!$E$10:$E$44"),INDIRECT("'"&S$4&"'!$A$10:$A$44"))," ")} | T10: =SUM(Table5[[#This Row],[Week 1]:[Week 18]]) | U10: =SUM(B10:S10)-40 | V10: =IFERROR(SUM(B10:S10)/COUNT(B10:S10),0) | W10: =IFERROR(MAX(B10:S10),0)
A11: DPSOG | B11: {=_xlfn.IFNA(_xlfn.XLOOKUP($A11,INDIRECT("'"&B$4&"'!$E$10:$E$44"),INDIRECT("'"&B$4&"'!$A$10:$A$44"))," ")} | C11: {=_xlfn.IFNA(_xlfn.XLOOKUP($A11,INDIRECT("'"&C$4&"'!$E$10:$E$44"),INDIRECT("'"&C$4&"'!$A$10:$A$44"))," ")} | D11: {=_xlfn.IFNA(_xlfn.XLOOKUP($A11,INDIRECT("'"&D$4&"'!$E$10:$E$44"),INDIRECT("'"&D$4&"'!$A$10:$A$44"))," ")} | E11: {=_xlfn.IFNA(_xlfn.XLOOKUP($A11,INDIRECT("'"&E$4&"'!$E$10:$E$44"),INDIRECT("'"&E$4&"'!$A$10:$A$44"))," ")} | F11: {=_xlfn.IFNA(_xlfn.XLOOKUP($A11,INDIRECT("'"&F$4&"'!$E$10:$E$44"),INDIRECT("'"&F$4&"'!$A$10:$A$44"))," ")} | G11: {=_xlfn.IFNA(_xlfn.XLOOKUP($A11,INDIRECT("'"&G$4&"'!$E$10:$E$44"),INDIRECT("'"&G$4&"'!$A$10:$A$44"))," ")} | H11: {=_xlfn.IFNA(_xlfn.XLOOKUP($A11,INDIRECT("'"&H$4&"'!$E$10:$E$44"),INDIRECT("'"&H$4&"'!$A$10:$A$44"))," ")} | I11: {=_xlfn.IFNA(_xlfn.XLOOKUP($A11,INDIRECT("'"&I$4&"'!$E$10:$E$44"),INDIRECT("'"&I$4&"'!$A$10:$A$44"))," ")} | ... S11: {=_xlfn.IFNA(_xlfn.XLOOKUP($A11,INDIRECT("'"&S$4&"'!$E$10:$E$44"),INDIRECT("'"&S$4&"'!$A$10:$A$44"))," ")} | T11: =SUM(Table5[[#This Row],[Week 1]:[Week 18]]) | U11: =SUM(B11:S11)-40 | V11: =IFERROR(SUM(B11:S11)/COUNT(B11:S11),0) | W11: =IFERROR(MAX(B11:S11),0)
A12: FMF Doc | B12: {=_xlfn.IFNA(_xlfn.XLOOKUP($A12,INDIRECT("'"&B$4&"'!$E$10:$E$44"),INDIRECT("'"&B$4&"'!$A$10:$A$44"))," ")} | C12: {=_xlfn.IFNA(_xlfn.XLOOKUP($A12,INDIRECT("'"&C$4&"'!$E$10:$E$44"),INDIRECT("'"&C$4&"'!$A$10:$A$44"))," ")} | D12: {=_xlfn.IFNA(_xlfn.XLOOKUP($A12,INDIRECT("'"&D$4&"'!$E$10:$E$44"),INDIRECT("'"&D$4&"'!$A$10:$A$44"))," ")} | E12: {=_xlfn.IFNA(_xlfn.XLOOKUP($A12,INDIRECT("'"&E$4&"'!$E$10:$E$44"),INDIRECT("'"&E$4&"'!$A$10:$A$44"))," ")} | F12: {=_xlfn.IFNA(_xlfn.XLOOKUP($A12,INDIRECT("'"&F$4&"'!$E$10:$E$44"),INDIRECT("'"&F$4&"'!$A$10:$A$44"))," ")} | G12: {=_xlfn.IFNA(_xlfn.XLOOKUP($A12,INDIRECT("'"&G$4&"'!$E$10:$E$44"),INDIRECT("'"&G$4&"'!$A$10:$A$44"))," ")} | H12: {=_xlfn.IFNA(_xlfn.XLOOKUP($A12,INDIRECT("'"&H$4&"'!$E$10:$E$44"),INDIRECT("'"&H$4&"'!$A$10:$A$44"))," ")} | I12: {=_xlfn.IFNA(_xlfn.XLOOKUP($A12,INDIRECT("'"&I$4&"'!$E$10:$E$44"),INDIRECT("'"&I$4&"'!$A$10:$A$44"))," ")} | ... S12: {=_xlfn.IFNA(_xlfn.XLOOKUP($A12,INDIRECT("'"&S$4&"'!$E$10:$E$44"),INDIRECT("'"&S$4&"'!$A$10:$A$44"))," ")} | T12: =SUM(Table5[[#This Row],[Week 1]:[Week 18]]) | U12: =SUM(B12:S12)-40 | V12: =IFERROR(SUM(B12:S12)/COUNT(B12:S12),0) | W12: =IFERROR(MAX(B12:S12),0)
A13: Frankethetank | B13: {=_xlfn.IFNA(_xlfn.XLOOKUP($A13,INDIRECT("'"&B$4&"'!$E$10:$E$44"),INDIRECT("'"&B$4&"'!$A$10:$A$44"))," ")} | C13: {=_xlfn.IFNA(_xlfn.XLOOKUP($A13,INDIRECT("'"&C$4&"'!$E$10:$E$44"),INDIRECT("'"&C$4&"'!$A$10:$A$44"))," ")} | D13: {=_xlfn.IFNA(_xlfn.XLOOKUP($A13,INDIRECT("'"&D$4&"'!$E$10:$E$44"),INDIRECT("'"&D$4&"'!$A$10:$A$44"))," ")} | E13: {=_xlfn.IFNA(_xlfn.XLOOKUP($A13,INDIRECT("'"&E$4&"'!$E$10:$E$44"),INDIRECT("'"&E$4&"'!$A$10:$A$44"))," ")} | F13: {=_xlfn.IFNA(_xlfn.XLOOKUP($A13,INDIRECT("'"&F$4&"'!$E$10:$E$44"),INDIRECT("'"&F$4&"'!$A$10:$A$44"))," ")} | G13: {=_xlfn.IFNA(_xlfn.XLOOKUP($A13,INDIRECT("'"&G$4&"'!$E$10:$E$44"),INDIRECT("'"&G$4&"'!$A$10:$A$44"))," ")} | H13: {=_xlfn.IFNA(_xlfn.XLOOKUP($A13,INDIRECT("'"&H$4&"'!$E$10:$E$44"),INDIRECT("'"&H$4&"'!$A$10:$A$44"))," ")} | I13: {=_xlfn.IFNA(_xlfn.XLOOKUP($A13,INDIRECT("'"&I$4&"'!$E$10:$E$44"),INDIRECT("'"&I$4&"'!$A$10:$A$44"))," ")} | ... S13: {=_xlfn.IFNA(_xlfn.XLOOKUP($A13,INDIRECT("'"&S$4&"'!$E$10:$E$44"),INDIRECT("'"&S$4&"'!$A$10:$A$44"))," ")} | T13: =SUM(Table5[[#This Row],[Week 1]:[Week 18]]) | U13: =SUM(B13:S13)-40 | V13: =IFERROR(SUM(B13:S13)/COUNT(B13:S13),0) | W13: =IFERROR(MAX(B13:S13),0)
A14: Gr8granpa | B14: {=_xlfn.IFNA(_xlfn.XLOOKUP($A14,INDIRECT("'"&B$4&"'!$E$10:$E$44"),INDIRECT("'"&B$4&"'!$A$10:$A$44"))," ")} | C14: {=_xlfn.IFNA(_xlfn.XLOOKUP($A14,INDIRECT("'"&C$4&"'!$E$10:$E$44"),INDIRECT("'"&C$4&"'!$A$10:$A$44"))," ")} | D14: {=_xlfn.IFNA(_xlfn.XLOOKUP($A14,INDIRECT("'"&D$4&"'!$E$10:$E$44"),INDIRECT("'"&D$4&"'!$A$10:$A$44"))," ")} | E14: {=_xlfn.IFNA(_xlfn.XLOOKUP($A14,INDIRECT("'"&E$4&"'!$E$10:$E$44"),INDIRECT("'"&E$4&"'!$A$10:$A$44"))," ")} | F14: {=_xlfn.IFNA(_xlfn.XLOOKUP($A14,INDIRECT("'"&F$4&"'!$E$10:$E$44"),INDIRECT("'"&F$4&"'!$A$10:$A$44"))," ")} | G14: {=_xlfn.IFNA(_xlfn.XLOOKUP($A14,INDIRECT("'"&G$4&"'!$E$10:$E$44"),INDIRECT("'"&G$4&"'!$A$10:$A$44"))," ")} | H14: {=_xlfn.IFNA(_xlfn.XLOOKUP($A14,INDIRECT("'"&H$4&"'!$E$10:$E$44"),INDIRECT("'"&H$4&"'!$A$10:$A$44"))," ")} | I14: {=_xlfn.IFNA(_xlfn.XLOOKUP($A14,INDIRECT("'"&I$4&"'!$E$10:$E$44"),INDIRECT("'"&I$4&"'!$A$10:$A$44"))," ")} | ... S14: {=_xlfn.IFNA(_xlfn.XLOOKUP($A14,INDIRECT("'"&S$4&"'!$E$10:$E$44"),INDIRECT("'"&S$4&"'!$A$10:$A$44"))," ")} | T14: =SUM(Table5[[#This Row],[Week 1]:[Week 18]]) | U14: =SUM(B14:S14)-40 | V14: =IFERROR(SUM(B14:S14)/COUNT(B14:S14),0) | W14: =IFERROR(MAX(B14:S14),0)
A15: Ian | B15: {=_xlfn.IFNA(_xlfn.XLOOKUP($A15,INDIRECT("'"&B$4&"'!$E$10:$E$44"),INDIRECT("'"&B$4&"'!$A$10:$A$44"))," ")} | C15: {=_xlfn.IFNA(_xlfn.XLOOKUP($A15,INDIRECT("'"&C$4&"'!$E$10:$E$44"),INDIRECT("'"&C$4&"'!$A$10:$A$44"))," ")} | D15: {=_xlfn.IFNA(_xlfn.XLOOKUP($A15,INDIRECT("'"&D$4&"'!$E$10:$E$44"),INDIRECT("'"&D$4&"'!$A$10:$A$44"))," ")} | E15: {=_xlfn.IFNA(_xlfn.XLOOKUP($A15,INDIRECT("'"&E$4&"'!$E$10:$E$44"),INDIRECT("'"&E$4&"'!$A$10:$A$44"))," ")} | F15: {=_xlfn.IFNA(_xlfn.XLOOKUP($A15,INDIRECT("'"&F$4&"'!$E$10:$E$44"),INDIRECT("'"&F$4&"'!$A$10:$A$44"))," ")} | G15: {=_xlfn.IFNA(_xlfn.XLOOKUP($A15,INDIRECT("'"&G$4&"'!$E$10:$E$44"),INDIRECT("'"&G$4&"'!$A$10:$A$44"))," ")} | H15: {=_xlfn.IFNA(_xlfn.XLOOKUP($A15,INDIRECT("'"&H$4&"'!$E$10:$E$44"),INDIRECT("'"&H$4&"'!$A$10:$A$44"))," ")} | I15: {=_xlfn.IFNA(_xlfn.XLOOKUP($A15,INDIRECT("'"&I$4&"'!$E$10:$E$44"),INDIRECT("'"&I$4&"'!$A$10:$A$44"))," ")} | ... S15: {=_xlfn.IFNA(_xlfn.XLOOKUP($A15,INDIRECT("'"&S$4&"'!$E$10:$E$44"),INDIRECT("'"&S$4&"'!$A$10:$A$44"))," ")} | T15: =SUM(Table5[[#This Row],[Week 1]:[Week 18]]) | U15: =SUM(B15:S15)-40 | V15: =IFERROR(SUM(B15:S15)/COUNT(B15:S15),0) | W15: =IFERROR(MAX(B15:S15),0)
A16: Jim T | B16: {=_xlfn.IFNA(_xlfn.XLOOKUP($A16,INDIRECT("'"&B$4&"'!$E$10:$E$44"),INDIRECT("'"&B$4&"'!$A$10:$A$44"))," ")} | C16: {=_xlfn.IFNA(_xlfn.XLOOKUP($A16,INDIRECT("'"&C$4&"'!$E$10:$E$44"),INDIRECT("'"&C$4&"'!$A$10:$A$44"))," ")} | D16: {=_xlfn.IFNA(_xlfn.XLOOKUP($A16,INDIRECT("'"&D$4&"'!$E$10:$E$44"),INDIRECT("'"&D$4&"'!$A$10:$A$44"))," ")} | E16: {=_xlfn.IFNA(_xlfn.XLOOKUP($A16,INDIRECT("'"&E$4&"'!$E$10:$E$44"),INDIRECT("'"&E$4&"'!$A$10:$A$44"))," ")} | F16: {=_xlfn.IFNA(_xlfn.XLOOKUP($A16,INDIRECT("'"&F$4&"'!$E$10:$E$44"),INDIRECT("'"&F$4&"'!$A$10:$A$44"))," ")} | G16: {=_xlfn.IFNA(_xlfn.XLOOKUP($A16,INDIRECT("'"&G$4&"'!$E$10:$E$44"),INDIRECT("'"&G$4&"'!$A$10:$A$44"))," ")} | H16: {=_xlfn.IFNA(_xlfn.XLOOKUP($A16,INDIRECT("'"&H$4&"'!$E$10:$E$44"),INDIRECT("'"&H$4&"'!$A$10:$A$44"))," ")} | I16: {=_xlfn.IFNA(_xlfn.XLOOKUP($A16,INDIRECT("'"&I$4&"'!$E$10:$E$44"),INDIRECT("'"&I$4&"'!$A$10:$A$44"))," ")} | ... S16: {=_xlfn.IFNA(_xlfn.XLOOKUP($A16,INDIRECT("'"&S$4&"'!$E$10:$E$44"),INDIRECT("'"&S$4&"'!$A$10:$A$44"))," ")} | T16: =SUM(Table5[[#This Row],[Week 1]:[Week 18]]) | U16: =SUM(B16:S16)-40 | V16: =IFERROR(SUM(B16:S16)/COUNT(B16:S16),0) | W16: =IFERROR(MAX(B16:S16),0)
... A39: Zach N | B39: {=_xlfn.IFNA(_xlfn.XLOOKUP($A39,INDIRECT("'"&B$4&"'!$E$10:$E$44"),INDIRECT("'"&B$4&"'!$A$10:$A$44"))," ")} | C39: {=_xlfn.IFNA(_xlfn.XLOOKUP($A39,INDIRECT("'"&C$4&"'!$E$10:$E$44"),INDIRECT("'"&C$4&"'!$A$10:$A$44"))," ")} | D39: {=_xlfn.IFNA(_xlfn.XLOOKUP($A39,INDIRECT("'"&D$4&"'!$E$10:$E$44"),INDIRECT("'"&D$4&"'!$A$10:$A$44"))," ")} | E39: {=_xlfn.IFNA(_xlfn.XLOOKUP($A39,INDIRECT("'"&E$4&"'!$E$10:$E$44"),INDIRECT("'"&E$4&"'!$A$10:$A$44"))," ")} | F39: {=_xlfn.IFNA(_xlfn.XLOOKUP($A39,INDIRECT("'"&F$4&"'!$E$10:$E$44"),INDIRECT("'"&F$4&"'!$A$10:$A$44"))," ")} | G39: {=_xlfn.IFNA(_xlfn.XLOOKUP($A39,INDIRECT("'"&G$4&"'!$E$10:$E$44"),INDIRECT("'"&G$4&"'!$A$10:$A$44"))," ")} | H39: {=_xlfn.IFNA(_xlfn.XLOOKUP($A39,INDIRECT("'"&H$4&"'!$E$10:$E$44"),INDIRECT("'"&H$4&"'!$A$10:$A$44"))," ")} | I39: {=_xlfn.IFNA(_xlfn.XLOOKUP($A39,INDIRECT("'"&I$4&"'!$E$10:$E$44"),INDIRECT("'"&I$4&"'!$A$10:$A$44"))," ")} | ... S39: {=_xlfn.IFNA(_xlfn.XLOOKUP($A39,INDIRECT("'"&S$4&"'!$E$10:$E$44"),INDIRECT("'"&S$4&"'!$A$10:$A$44"))," ")} | T39: =SUM(Table5[[#This Row],[Week 1]:[Week 18]]) | U39: =SUM(B39:S39)-40 | V39: =IFERROR(SUM(B39:S39)/COUNT(B39:S39),0) | W39: =IFERROR(MAX(B39:S39),0)
A40: Total | B40: =SUBTOTAL(104,Table5[Week 1]) | C40: =SUBTOTAL(104,Table5[Week 2]) | D40: =SUBTOTAL(104,Table5[Week 3]) | E40: =SUBTOTAL(104,Table5[Week 4]) | F40: =SUBTOTAL(104,Table5[Week 5]) | G40: =SUBTOTAL(104,Table5[Week 6]) | H40: =SUBTOTAL(104,Table5[Week 7]) | I40: =SUBTOTAL(104,Table5[Week 8]) | J40: =SUBTOTAL(104,Table5[Week 9]) | K40: =SUBTOTAL(104,Table5[Week 10]) | L40: =SUBTOTAL(104,Table5[Week 11]) | M40: =SUBTOTAL(104,Table5[Week 12]) | N40: =SUBTOTAL(104,Table5[Week 13]) | O40: =SUBTOTAL(104,Table5[Week 14]) | P40: =SUBTOTAL(104,Table5[Week 15]) | Q40: =SUBTOTAL(104,Table5[Week 16]) | R40: =SUBTOTAL(104,Table5[Week 17]) | S40: =SUBTOTAL(104,Table5[Week 18]) | T40: =SUBTOTAL(109,Table5[Winning]) | U40: =SUBTOTAL(104,Table5[Total]) | V40: =SUBTOTAL(104,Table5[[Avg ]]) | W40: =SUBTOTAL(109,Table5[Best])

Sheet Week 1
A1: 🏈 WEEK 1 — ACQL
A4: Home Team | F4: Seattle | G4: Los Angeles Rams | H4: Cincinnati | I4: Detroit | J4: Tennessee | K4: Indianapolis | L4: Pittsburgh | M4: Carolina | N4: Jacksonville | O4: Houston | P4: Las Vegas | Q4: Minnesota | R4: Philadelphia | S4: Los Angeles Chargers | T4: New York Giants | U4: Kansas City
A5: Away Team | F5: New England | G5: San Francisco | H5: Tampa Bay | I5: New Orleans | J5: New York Jets | K5: Baltimore | L5: Atlanta | M5: Chicago | N5: Cleveland | O5: Buffalo | P5: Miami | Q5: Green Bay | R5: Washington | S5: Arizona | T5: Dallas | U5: Denver
A6: Result / Winner → | F6: Seattle | G6: San Francisco | H6: Cincinnati | I6: New Orleans | J6: New York Jets | K6: Baltimore | L6: Pittsburgh | M6: Chicago | N6: Jacksonville | O6: Buffalo | P6: Las Vegas | Q6: Minnesota | R6: Philadelphia | S6: Arizona | T6: New York Giants | U6: Kansas City
A7: Picked Home % | F7: =IFERROR(COUNTIF(B10:B44, F$4)/COUNTA(B10:B44),0) | G7: =IFERROR(COUNTIF(C10:C44, G$4)/COUNTA(C10:C44),0) | H7: =IFERROR(COUNTIF(D10:D44, H$4)/COUNTA(D10:D44),0) | I7: =IFERROR(COUNTIF(E10:E44, I$4)/COUNTA(E10:E44),0) | J7: =IFERROR(COUNTIF(F10:F44, J$4)/COUNTA(F10:F44),0) | K7: =IFERROR(COUNTIF(G10:G44, K$4)/COUNTA(G10:G44),0) | L7: =IFERROR(COUNTIF(H10:H44, L$4)/COUNTA(H10:H44),0) | M7: =IFERROR(COUNTIF(I10:I44, M$4)/COUNTA(I10:I44),0) | ... U7: =IFERROR(COUNTIF(Q10:Q44, U$4)/COUNTA(Q10:Q44),0)
I8: (det by 8) | N8: (jax by 8) | S8: (lac by 11)
A9: Winnings | B9: Wins | C9: Wins | D9: Rank | E9: Player | F9: G1 | G9: G2 | H9: G3 | I9: G4 | J9: G5 | K9: G6 | L9: G7 | M9: G8 | N9: G9 | O9: G10 | P9: G11 | Q9: G12 | R9: G13 | S9: G14 | T9: G15 | U9: G16 | V9: Loser 1 | W9: Loser 2 | X9: Loser 3 | Y9: Suicide | Z9: Home Team % | AA9: $ Owed | AB9: Games Behind | AC9: Win %
A10: =IF(AD10=0,$AD$46, " ") | B10: =SUM(V10:X10)+C10 | C10: =COUNTA(F10:U10) | D10: =_xlfn.RANK.EQ(B10,$B$10:$B$44,0) | E10: Kit | F10: SEATTLE | J10: new york jets | K10: baltimore | L10: PITTSBURGH | N10: JACKSONVILLE | O10: buffalo | U10: KANSAS CITY | V10: 1 | W10: Arizona | X10: Las Vegas | Y10: Green Bay | Z10: =IFERROR(COUNTIF(F10:U10,"W")/COUNTA(F10:U10),0) | AA10: =MAX($B$10:$B$44)-B10 | AB10: =IFERROR(B10/16,0) | AD10: =MAX($B$7:$B$141)-B10
A11: =IF(AD11=0,$AD$46, " ") | B11: =SUM(V11:X11)+C11 | C11: =COUNTA(F11:U11) | D11: =_xlfn.RANK.EQ(B11,$B$10:$B$44,0) | E11: meatloaf | F11: SEATTLE | H11: CINCINNATI | K11: baltimore | L11: PITTSBURGH | M11: chicago | N11: JACKSONVILLE | O11: buffalo | P11: LAS VEGAS | R11: PHILADELPHIA | U11: KANSAS CITY | V11: New Orleans | W11: 1 | X11: Arizona | Y11: Philadelphia | Z11: =IFERROR(COUNTIF(F11:U11,"W")/COUNTA(F11:U11),0) | AA11: =MAX($B$10:$B$44)-B11 | AB11: =IFERROR(B11/16,0) | AD11: =MAX($B$7:$B$141)-B11
A12: =IF(AD12=0,$AD$46, " ") | B12: =SUM(V12:X12)+C12 | C12: =COUNTA(F12:U12) | D12: =_xlfn.RANK.EQ(B12,$B$10:$B$44,0) | E12: Vonasek Family | F12: SEATTLE | H12: CINCINNATI | K12: baltimore | L12: PITTSBURGH | M12: chicago | N12: JACKSONVILLE | O12: buffalo | P12: LAS VEGAS | R12: PHILADELPHIA | U12: KANSAS CITY | V12: Arizona | W12: Washington | X12: 1 | Y12: Los Angeles Rams | Z12: =IFERROR(COUNTIF(F12:U12,"W")/COUNTA(F12:U12),0) | AA12: =MAX($B$10:$B$44)-B12 | AB12: =IFERROR(B12/16,0) | AD12: =MAX($B$7:$B$141)-B12
A13: =IF(AD13=0,$AD$46, " ") | B13: =SUM(V13:X13)+C13 | C13: =COUNTA(F13:U13) | D13: =_xlfn.RANK.EQ(B13,$B$10:$B$44,0) | E13: Phelpy | F13: SEATTLE | H13: CINCINNATI | I13: new orleans | J13: new york jets | K13: baltimore | L13: PITTSBURGH | M13: chicago | N13: JACKSONVILLE | O13: buffalo | P13: LAS VEGAS | Q13: MINNESOTA | R13: PHILADELPHIA | U13: KANSAS CITY | V13: 1 | W13: Arizona | X13: Miami | Y13: Philadelphia | Z13: =IFERROR(COUNTIF(F13:U13,"W")/COUNTA(F13:U13),0) | AA13: =MAX($B$10:$B$44)-B13 | AB13: =IFERROR(B13/16,0) | AD13: =MAX($B$7:$B$141)-B13
A14: =IF(AD14=0,$AD$46, " ") | B14: =SUM(V14:X14)+C14 | C14: =COUNTA(F14:U14) | D14: =_xlfn.RANK.EQ(B14,$B$10:$B$44,0) | E14: Stan | F14: SEATTLE | H14: CINCINNATI | K14: baltimore | L14: PITTSBURGH | M14: chicago | N14: JACKSONVILLE | O14: buffalo | P14: LAS VEGAS | R14: PHILADELPHIA | U14: KANSAS CITY | V14: Arizona | W14: 1 | X14: New Orleans | Y14: Baltimore | Z14: =IFERROR(COUNTIF(F14:U14,"W")/COUNTA(F14:U14),0) | AA14: =MAX($B$10:$B$44)-B14 | AB14: =IFERROR(B14/16,0) | AD14: =MAX($B$7:$B$141)-B14
A15: =IF(AD15=0,$AD$46, " ") | B15: =SUM(V15:X15)+C15 | C15: =COUNTA(F15:U15) | D15: =_xlfn.RANK.EQ(B15,$B$10:$B$44,0) | E15: FMF Doc | F15: SEATTLE | H15: CINCINNATI | I15: new orleans | K15: baltimore | L15: PITTSBURGH | M15: chicago | N15: JACKSONVILLE | O15: buffalo | P15: LAS VEGAS | R15: PHILADELPHIA | U15: KANSAS CITY | V15: 1 | W15: Tampa Bay | X15: Arizona | Y15: Las Vegas | Z15: =IFERROR(COUNTIF(F15:U15,"W")/COUNTA(F15:U15),0) | AA15: =MAX($B$10:$B$44)-B15 | AB15: =IFERROR(B15/16,0) | AD15: =MAX($B$7:$B$141)-B15
A16: =IF(AD16=0,$AD$46, " ") | B16: =SUM(V16:X16)+C16 | C16: =COUNTA(F16:U16) | D16: =_xlfn.RANK.EQ(B16,$B$10:$B$44,0) | E16: Ian | H16: CINCINNATI | K16: baltimore | L16: PITTSBURGH | M16: chicago | N16: JACKSONVILLE | O16: buffalo | P16: LAS VEGAS | R16: PHILADELPHIA | U16: KANSAS CITY | V16: Arizona | W16: 1 | X16: New Orleans | Y16: Los Angeles Chargers | Z16: =IFERROR(COUNTIF(F16:U16,"W")/COUNTA(F16:U16),0) | AA16: =MAX($B$10:$B$44)-B16 | AB16: =IFERROR(B16/16,0) | AD16: =MAX($B$7:$B$141)-B16
A17: =IF(AD17=0,$AD$46, " ") | B17: =SUM(V17:X17)+C17 | C17: =COUNTA(F17:U17) | D17: =_xlfn.RANK.EQ(B17,$B$10:$B$44,0) | E17: cuetop | F17: SEATTLE | H17: CINCINNATI | K17: baltimore | L17: PITTSBURGH | M17: chicago | P17: LAS VEGAS | Q17: MINNESOTA | R17: PHILADELPHIA | S17: arizona | V17: 1 | W17: 1 | X17: New Orleans | Y17: Pittsburgh | Z17: =IFERROR(COUNTIF(F17:U17,"W")/COUNTA(F17:U17),0) | AA17: =MAX($B$10:$B$44)-B17 | AB17: =IFERROR(B17/16,0) | AD17: =MAX($B$7:$B$141)-B17
A18: =IF(AD18=0,$AD$46, " ") | B18: =SUM(V18:X18)+C18 | C18: =COUNTA(F18:U18) | D18: =_xlfn.RANK.EQ(B18,$B$10:$B$44,0) | E18: Samsaunt | F18: SEATTLE | H18: CINCINNATI | J18: new york jets | K18: baltimore | L18: PITTSBURGH | N18: JACKSONVILLE | P18: LAS VEGAS | Q18: MINNESOTA | R18: PHILADELPHIA | V18: Arizona | W18: 1 | X18: New Orleans | Y18: Seattle | Z18: =IFERROR(COUNTIF(F18:U18,"W")/COUNTA(F18:U18),0) | AA18: =MAX($B$10:$B$44)-B18 | AB18: =IFERROR(B18/16,0) | AD18: =MAX($B$7:$B$141)-B18
A19: =IF(AD19=0,$AD$46, " ") | B19: =SUM(V19:X19)+C19 | C19: =COUNTA(F19:U19) | D19: =_xlfn.RANK.EQ(B19,$B$10:$B$44,0) | E19: Debe | F19: SEATTLE | H19: CINCINNATI | K19: baltimore | L19: PITTSBURGH | M19: chicago | N19: JACKSONVILLE | P19: LAS VEGAS | R19: PHILADELPHIA | S19: arizona | U19: KANSAS CITY | V19: Atlanta | W19: New York Giants | X19: 1 | Y19: Baltimore | Z19: =IFERROR(COUNTIF(F19:U19,"W")/COUNTA(F19:U19),0) | AA19: =MAX($B$10:$B$44)-B19 | AB19: =IFERROR(B19/16,0) | AD19: =MAX($B$7:$B$141)-B19
A20: =IF(AD20=0,$AD$46, " ") | B20: =SUM(V20:X20)+C20 | C20: =COUNTA(F20:U20) | D20: =_xlfn.RANK.EQ(B20,$B$10:$B$44,0) | E20: Bob h | F20: SEATTLE | H20: CINCINNATI | J20: new york jets | K20: baltimore | M20: chicago | N20: JACKSONVILLE | P20: LAS VEGAS | R20: PHILADELPHIA | U20: KANSAS CITY | V20: Arizona | W20: 1 | X20: New Orleans | Y20: Arizona | Z20: =IFERROR(COUNTIF(F20:U20,"W")/COUNTA(F20:U20),0) | AA20: =MAX($B$10:$B$44)-B20 | AB20: =IFERROR(B20/16,0) | AD20: =MAX($B$7:$B$141)-B20
A21: =IF(AD21=0,$AD$46, " ") | B21: =SUM(V21:X21)+C21 | C21: =COUNTA(F21:U21) | D21: =_xlfn.RANK.EQ(B21,$B$10:$B$44,0) | E21: tb | F21: SEATTLE | H21: CINCINNATI | J21: new york jets | K21: baltimore | L21: PITTSBURGH | M21: chicago | P21: LAS VEGAS | R21: PHILADELPHIA | S21: arizona | T21: NEW YORK GIANTS | U21: KANSAS CITY | V21: New Orleans | W21: Washington | X21: 1 | Y21: Philadelphia | Z21: =IFERROR(COUNTIF(F21:U21,"W")/COUNTA(F21:U21),0) | AA21: =MAX($B$10:$B$44)-B21 | AB21: =IFERROR(B21/16,0) | AD21: =MAX($B$7:$B$141)-B21
A22: =IF(AD22=0,$AD$46, " ") | B22: =SUM(V22:X22)+C22 | C22: =COUNTA(F22:U22) | D22: =_xlfn.RANK.EQ(B22,$B$10:$B$44,0) | E22: CraneGuy936 | F22: SEATTLE | H22: CINCINNATI | K22: baltimore | L22: PITTSBURGH | M22: chicago | N22: JACKSONVILLE | O22: buffalo | P22: LAS VEGAS | R22: PHILADELPHIA | U22: KANSAS CITY | V22: Arizona | W22: 1 | X22: New Orleans | Y22: Detroit | Z22: =IFERROR(COUNTIF(F22:U22,"W")/COUNTA(F22:U22),0) | AA22: =MAX($B$10:$B$44)-B22 | AB22: =IFERROR(B22/16,0) | AD22: =MAX($B$7:$B$141)-B22
A23: =IF(AD23=0,$AD$46, " ") | B23: =SUM(V23:X23)+C23 | C23: =COUNTA(F23:U23) | D23: =_xlfn.RANK.EQ(B23,$B$10:$B$44,0) | E23: Regltr5 | F23: SEATTLE | G23: san francisco | H23: CINCINNATI | J23: new york jets | K23: baltimore | L23: PITTSBURGH | M23: chicago | N23: JACKSONVILLE | O23: buffalo | P23: LAS VEGAS | R23: PHILADELPHIA | V23: Arizona | W23: 1 | X23: Miami | Y23: Philadelphia | Z23: =IFERROR(COUNTIF(F23:U23,"W")/COUNTA(F23:U23),0) | AA23: =MAX($B$10:$B$44)-B23 | AB23: =IFERROR(B23/16,0) | AD23: =MAX($B$7:$B$141)-B23
A24: =IF(AD24=0,$AD$46, " ") | B24: =SUM(V24:X24)+C24 | C24: =COUNTA(F24:U24) | D24: =_xlfn.RANK.EQ(B24,$B$10:$B$44,0) | E24: Katie A | F24: SEATTLE | H24: CINCINNATI | J24: new york jets | K24: baltimore | L24: PITTSBURGH | M24: chicago | N24: JACKSONVILLE | O24: buffalo | P24: LAS VEGAS | R24: PHILADELPHIA | U24: KANSAS CITY | V24: Arizona | W24: 1 | X24: Miami | Y24: Los Angeles Chargers | Z24: =IFERROR(COUNTIF(F24:U24,"W")/COUNTA(F24:U24),0) | AA24: =MAX($B$10:$B$44)-B24 | AB24: =IFERROR(B24/16,0) | AD24: =MAX($B$7:$B$141)-B24
A25: =IF(AD25=0,$AD$46, " ") | B25: =SUM(V25:X25)+C25 | C25: =COUNTA(F25:U25) | D25: =_xlfn.RANK.EQ(B25,$B$10:$B$44,0) | E25: DPSOG | F25: SEATTLE | H25: CINCINNATI | I25: new orleans | K25: baltimore | L25: PITTSBURGH | M25: chicago | N25: JACKSONVILLE | P25: LAS VEGAS | Q25: MINNESOTA | R25: PHILADELPHIA | S25: arizona | U25: KANSAS CITY | V25: New Orleans | W25: Arizona | X25: 1 | Y25: Pittsburgh | Z25: =IFERROR(COUNTIF(F25:U25,"W")/COUNTA(F25:U25),0) | AA25: =MAX($B$10:$B$44)-B25 | AB25: =IFERROR(B25/16,0) | AD25: =MAX($B$7:$B$141)-B25
A26: =IF(AD26=0,$AD$46, " ") | B26: =SUM(V26:X26)+C26 | C26: =COUNTA(F26:U26) | D26: =_xlfn.RANK.EQ(B26,$B$10:$B$44,0) | E26: TheDogfather | F26: SEATTLE | G26: san francisco | H26: CINCINNATI | K26: baltimore | L26: PITTSBURGH | M26: chicago | N26: JACKSONVILLE | O26: buffalo | P26: LAS VEGAS | R26: PHILADELPHIA | U26: KANSAS CITY | V26: New Orleans | W26: Jacksonville | X26: 1 | Y26: Baltimore | Z26: =IFERROR(COUNTIF(F26:U26,"W")/COUNTA(F26:U26),0) | AA26: =MAX($B$10:$B$44)-B26 | AB26: =IFERROR(B26/16,0) | AD26: =MAX($B$7:$B$141)-B26
A27: =IF(AD27=0,$AD$46, " ") | B27: =SUM(V27:X27)+C27 | C27: =COUNTA(F27:U27) | D27: =_xlfn.RANK.EQ(B27,$B$10:$B$44,0) | E27: Ryan S | F27: SEATTLE | K27: baltimore | L27: PITTSBURGH | M27: chicago | N27: JACKSONVILLE | O27: buffalo | P27: LAS VEGAS | R27: PHILADELPHIA | U27: KANSAS CITY | V27: 1 | W27: New Orleans | X27: Washington | Y27: Tennessee | Z27: =IFERROR(COUNTIF(F27:U27,"W")/COUNTA(F27:U27),0) | AA27: =MAX($B$10:$B$44)-B27 | AB27: =IFERROR(B27/16,0) | AD27: =MAX($B$7:$B$141)-B27
A28: =IF(AD28=0,$AD$46, " ") | B28: =SUM(V28:X28)+C28 | C28: =COUNTA(F28:U28) | D28: =_xlfn.RANK.EQ(B28,$B$10:$B$44,0) | E28: The Dark Side | F28: SEATTLE | H28: CINCINNATI | K28: baltimore | M28: chicago | N28: JACKSONVILLE | P28: LAS VEGAS | R28: PHILADELPHIA | S28: arizona | V28: New Orleans | W28: 1 | X28: Washington | Y28: Tennessee | Z28: =IFERROR(COUNTIF(F28:U28,"W")/COUNTA(F28:U28),0) | AA28: =MAX($B$10:$B$44)-B28 | AB28: =IFERROR(B28/16,0) | AD28: =MAX($B$7:$B$141)-B28
A29: =IF(AD29=0,$AD$46, " ") | B29: =SUM(V29:X29)+C29 | C29: =COUNTA(F29:U29) | D29: =_xlfn.RANK.EQ(B29,$B$10:$B$44,0) | E29: Frankethetank | F29: SEATTLE | I29: new orleans | J29: new york jets | K29: baltimore | L29: PITTSBURGH | M29: chicago | P29: LAS VEGAS | R29: PHILADELPHIA | S29: arizona | U29: KANSAS CITY | V29: Arizona | W29: 1 | X29: Atlanta | Y29: Pittsburgh | Z29: =IFERROR(COUNTIF(F29:U29,"W")/COUNTA(F29:U29),0) | AA29: =MAX($B$10:$B$44)-B29 | AB29: =IFERROR(B29/16,0) | AD29: =MAX($B$7:$B$141)-B29
A30: =IF(AD30=0,$AD$46, " ") | B30: =SUM(V30:X30)+C30 | C30: =COUNTA(F30:U30) | D30: =_xlfn.RANK.EQ(B30,$B$10:$B$44,0) | E30: Jim T | F30: SEATTLE | G30: san francisco | H30: CINCINNATI | L30: PITTSBURGH | M30: chicago | N30: JACKSONVILLE | O30: buffalo | Q30: MINNESOTA | R30: PHILADELPHIA | T30: NEW YORK GIANTS | U30: KANSAS CITY | V30: 1 | W30: New Orleans | X30: Arizona | Y30: Detroit | Z30: =IFERROR(COUNTIF(F30:U30,"W")/COUNTA(F30:U30),0) | AA30: =MAX($B$10:$B$44)-B30 | AB30: =IFERROR(B30/16,0) | AD30: =MAX($B$7:$B$141)-B30
A31: =IF(AD31=0,$AD$46, " ") | B31: =SUM(V31:X31)+C31 | C31: =COUNTA(F31:U31) | D31: =_xlfn.RANK.EQ(B31,$B$10:$B$44,0) | E31: MiMi | F31: SEATTLE | K31: baltimore | L31: PITTSBURGH | M31: chicago | N31: JACKSONVILLE | O31: buffalo | P31: LAS VEGAS | Q31: MINNESOTA | S31: arizona | U31: KANSAS CITY | V31: New Orleans | W31: 1 | X31: Miami | Y31: Las Vegas | Z31: =IFERROR(COUNTIF(F31:U31,"W")/COUNTA(F31:U31),0) | AA31: =MAX($B$10:$B$44)-B31 | AB31: =IFERROR(B31/16,0) | AD31: =MAX($B$7:$B$141)-B31
A32: =IF(AD32=0,$AD$46, " ") | B32: =SUM(V32:X32)+C32 | C32: =COUNTA(F32:U32) | D32: =_xlfn.RANK.EQ(B32,$B$10:$B$44,0) | E32: Gr8granpa | F32: SEATTLE | H32: CINCINNATI | K32: baltimore | L32: PITTSBURGH | M32: chicago | N32: JACKSONVILLE | O32: buffalo | P32: LAS VEGAS | U32: KANSAS CITY | V32: Arizona | W32: New Orleans | X32: 1 | Y32: Kansas City | Z32: =IFERROR(COUNTIF(F32:U32,"W")/COUNTA(F32:U32),0) | AA32: =MAX($B$10:$B$44)-B32 | AB32: =IFERROR(B32/16,0) | AD32: =MAX($B$7:$B$141)-B32
A33: =IF(AD33=0,$AD$46, " ") | B33: =SUM(V33:X33)+C33 | C33: =COUNTA(F33:U33) | D33: =_xlfn.RANK.EQ(B33,$B$10:$B$44,0) | E33: Phelps Phamily | F33: SEATTLE | H33: CINCINNATI | K33: baltimore | L33: PITTSBURGH | M33: chicago | N33: JACKSONVILLE | P33: LAS VEGAS | Q33: MINNESOTA | R33: PHILADELPHIA | S33: arizona | V33: 1 | W33: Kansas City | X33: 1 | Y33: Chicago | Z33: =IFERROR(COUNTIF(F33:U33,"W")/COUNTA(F33:U33),0) | AA33: =MAX($B$10:$B$44)-B33 | AB33: =IFERROR(B33/16,0) | AD33: =MAX($B$7:$B$141)-B33
A34: =IF(AD34=0,$AD$46, " ") | B34: =SUM(V34:X34)+C34 | C34: =COUNTA(F34:U34) | D34: =_xlfn.RANK.EQ(B34,$B$10:$B$44,0) | E34: Waffle Hauss | F34: SEATTLE | H34: CINCINNATI | I34: new orleans | K34: baltimore | L34: PITTSBURGH | M34: chicago | P34: LAS VEGAS | R34: PHILADELPHIA | S34: arizona | V34: New England | W34: Miami | X34: Washington | Y34: Philadelphia | Z34: =IFERROR(COUNTIF(F34:U34,"W")/COUNTA(F34:U34),0) | AA34: =MAX($B$10:$B$44)-B34 | AB34: =IFERROR(B34/16,0) | AD34: =MAX($B$7:$B$141)-B34
A35: =IF(AD35=0,$AD$46, " ") | B35: =SUM(V35:X35)+C35 | C35: =COUNTA(F35:U35) | D35: =_xlfn.RANK.EQ(B35,$B$10:$B$44,0) | E35: Line-Pony | F35: SEATTLE | H35: CINCINNATI | I35: new orleans | K35: baltimore | L35: PITTSBURGH | M35: chicago | O35: buffalo | P35: LAS VEGAS | Q35: MINNESOTA | R35: PHILADELPHIA | S35: arizona | U35: KANSAS CITY | V35: Washington | W35: 1 | X35: Miami | Y35: Philadelphia | Z35: =IFERROR(COUNTIF(F35:U35,"W")/COUNTA(F35:U35),0) | AA35: =MAX($B$10:$B$44)-B35 | AB35: =IFERROR(B35/16,0) | AD35: =MAX($B$7:$B$141)-B35
A36: =IF(AD36=0,$AD$46, " ") | B36: =SUM(V36:X36)+C36 | C36: =COUNTA(F36:U36) | D36: =_xlfn.RANK.EQ(B36,$B$10:$B$44,0) | E36: Rusted Ox | F36: SEATTLE | K36: baltimore | L36: PITTSBURGH | N36: JACKSONVILLE | P36: LAS VEGAS | R36: PHILADELPHIA | V36: New Orleans | W36: Arizona | X36: 1 | Y36: Dallas | Z36: =IFERROR(COUNTIF(F36:U36,"W")/COUNTA(F36:U36),0) | AA36: =MAX($B$10:$B$44)-B36 | AB36: =IFERROR(B36/16,0) | AD36: =MAX($B$7:$B$141)-B36
A37: =IF(AD37=0,$AD$46, " ") | B37: =SUM(V37:X37)+C37 | C37: =COUNTA(F37:U37) | D37: =_xlfn.RANK.EQ(B37,$B$10:$B$44,0) | E37: Brick_Hauss | F37: SEATTLE | H37: CINCINNATI | K37: baltimore | L37: PITTSBURGH | M37: chicago | O37: buffalo | R37: PHILADELPHIA | V37: New Orleans | W37: Arizona | X37: 1 | Y37: Dallas | Z37: =IFERROR(COUNTIF(F37:U37,"W")/COUNTA(F37:U37),0) | AA37: =MAX($B$10:$B$44)-B37 | AB37: =IFERROR(B37/16,0) | AD37: =MAX($B$7:$B$141)-B37
A38: =IF(AD38=0,$AD$46, " ") | B38: =SUM(V38:X38)+C38 | C38: =COUNTA(F38:U38) | D38: =_xlfn.RANK.EQ(B38,$B$10:$B$44,0) | E38: SaleeNmd | F38: SEATTLE | H38: CINCINNATI | K38: baltimore | L38: PITTSBURGH | M38: chicago | N38: JACKSONVILLE | O38: buffalo | P38: LAS VEGAS | R38: PHILADELPHIA | S38: arizona | U38: KANSAS CITY | V38: Washington | W38: 1 | X38: New Orleans | Y38: Philadelphia | Z38: =IFERROR(COUNTIF(F38:U38,"W")/COUNTA(F38:U38),0) | AA38: =MAX($B$10:$B$44)-B38 | AB38: =IFERROR(B38/16,0) | AD38: =MAX($B$7:$B$141)-B38
A39: =IF(AD39=0,$AD$46, " ") | B39: =SUM(V39:X39)+C39 | C39: =COUNTA(F39:U39) | D39: =_xlfn.RANK.EQ(B39,$B$10:$B$44,0) | E39: Navygolfer | F39: SEATTLE | G39: san francisco | H39: CINCINNATI | K39: baltimore | L39: PITTSBURGH | M39: chicago | N39: JACKSONVILLE | P39: LAS VEGAS | R39: PHILADELPHIA | V39: Arizona | W39: 1 | X39: 1 | Y39: Seattle | Z39: =IFERROR(COUNTIF(F39:U39,"W")/COUNTA(F39:U39),0) | AA39: =MAX($B$10:$B$44)-B39 | AB39: =IFERROR(B39/16,0) | AD39: =MAX($B$7:$B$141)-B39
A40: =IF(AD40=0,$AD$46, " ") | B40: =SUM(V40:X40)+C40 | C40: =COUNTA(F40:U40) | D40: =_xlfn.RANK.EQ(B40,$B$10:$B$44,0) | E40: MayeDay! MayeDay! | H40: CINCINNATI | J40: new york jets | K40: baltimore | L40: PITTSBURGH | M40: chicago | N40: JACKSONVILLE | O40: buffalo | R40: PHILADELPHIA | U40: KANSAS CITY | V40: 1 | W40: Arizona | X40: New Orleans | Y40: New York Jets | Z40: =IFERROR(COUNTIF(F40:U40,"W")/COUNTA(F40:U40),0) | AA40: =MAX($B$10:$B$44)-B40 | AB40: =IFERROR(B40/16,0) | AD40: =MAX($B$7:$B$141)-B40
A41: =IF(AD41=0,$AD$46, " ") | B41: =SUM(V41:X41)+C41 | C41: =COUNTA(F41:U41) | D41: =_xlfn.RANK.EQ(B41,$B$10:$B$44,0) | E41: Sista Sledge | F41: SEATTLE | H41: CINCINNATI | K41: baltimore | L41: PITTSBURGH | M41: chicago | N41: JACKSONVILLE | P41: LAS VEGAS | R41: PHILADELPHIA | U41: KANSAS CITY | V41: Arizona | W41: 1 | X41: Washington | Y41: Dallas | Z41: =IFERROR(COUNTIF(F41:U41,"W")/COUNTA(F41:U41),0) | AA41: =MAX($B$10:$B$44)-B41 | AB41: =IFERROR(B41/16,0) | AD41: =MAX($B$7:$B$141)-B41
A42: =IF(AD42=0,$AD$46, " ") | B42: =SUM(V42:X42)+C42 | C42: =COUNTA(F42:U42) | D42: =_xlfn.RANK.EQ(B42,$B$10:$B$44,0) | E42: Ddupuy | F42: SEATTLE | K42: baltimore | L42: PITTSBURGH | M42: chicago | O42: buffalo | P42: LAS VEGAS | R42: PHILADELPHIA | V42: Arizona | W42: New Orleans | X42: Washington | Y42: Los Angeles Chargers | Z42: =IFERROR(COUNTIF(F42:U42,"W")/COUNTA(F42:U42),0) | AA42: =MAX($B$10:$B$44)-B42 | AB42: =IFERROR(B42/16,0) | AD42: =MAX($B$7:$B$141)-B42
A43: =IF(AD43=0,$AD$46, " ") | B43: =SUM(V43:X43)+C43 | C43: =COUNTA(F43:U43) | D43: =_xlfn.RANK.EQ(B43,$B$10:$B$44,0) | E43: Zach N | F43: SEATTLE | H43: CINCINNATI | K43: baltimore | L43: PITTSBURGH | M43: chicago | N43: JACKSONVILLE | O43: buffalo | P43: LAS VEGAS | Q43: MINNESOTA | R43: PHILADELPHIA | T43: NEW YORK GIANTS | U43: KANSAS CITY | V43: New Orleans | W43: Arizona | X43: 1 | Y43: Baltimore | Z43: =IFERROR(COUNTIF(F43:U43,"W")/COUNTA(F43:U43),0) | AA43: =MAX($B$10:$B$44)-B43 | AB43: =IFERROR(B43/16,0) | AD43: =MAX($B$7:$B$141)-B43
A44: =IF(AD44=0,$AD$46, " ") | B44: =SUM(V44:X44)+C44 | C44: =COUNTA(F44:U44) | D44: =_xlfn.RANK.EQ(B44,$B$10:$B$44,0) | E44: Mrp4real | F44: SEATTLE | K44: baltimore | M44: chicago | N44: JACKSONVILLE | O44: buffalo | Q44: MINNESOTA | R44: PHILADELPHIA | V44: Washington | W44: 1 | X44: Kansas City | Y44: Chicago | Z44: =IFERROR(COUNTIF(F44:U44,"W")/COUNTA(F44:U44),0) | AA44: =MAX($B$10:$B$44)-B44 | AB44: =IFERROR(B44/16,0) | AD44: =MAX($B$7:$B$141)-B44
AD45: =COUNTIF(AD10:AD44,0)
AD46: =SUM(AD10:AD44)/AD45

Sheet Week 2
A1: 🏈 WEEK 2 — ACQL
A4: Home Team | F4: BUFFALO | G4: ATLANTA | H4: CHICAGO | I4: TENNESSEE | J4: NEW ENGLAND | K4: NEW YORK JETS | L4: TAMPA BAY | M4: BALTIMORE | N4: HOUSTON | O4: DENVER | P4: LOS ANGELES CHARGERS | Q4: DALLAS | R4: ARIZONA | S4: SAN FRANCISCO | T4: KANSAS CITY | U4: LOS ANGELES RAMS
A5: Away Team | F5: detroit | G5: carolina | H5: minnesota | I5: philadelphia | J5: pittsburgh | K5: green bay | L5: cleveland | M5: new orleans | N5: cincinnati | O5: jacksonville | P5: las vegas | Q5: washington | R5: seattle | S5: miami | T5: indianapolis | U5: new york giants
A6: Result / Winner → | F6: BUFFALO | G6: carolina | H6: minnesota | I6: TENNESSEE | J6: NEW ENGLAND | K6: green bay | L6: cleveland | M6: new orleans | N6: cincinnati | O6: DENVER | P6: las vegas | Q6: DALLAS | R6: seattle | S6: SAN FRANCISCO | T6: indianapolis | U6: LOS ANGELES RAMS
A7: Picked Home % | F7: =COUNTIF(F10:F44, F$4)/COUNTA(B10:B44) | G7: =COUNTIF(G10:G44, G$4)/COUNTA(C10:C44) | H7: =COUNTIF(H10:H44, H$4)/COUNTA(D10:D44) | I7: =COUNTIF(I10:I44, I$4)/COUNTA(E10:E44) | J7: =COUNTIF(J10:J44, J$4)/COUNTA(F10:F44) | K7: =IFERROR(COUNTIF(K10:K44, K$4)/COUNTA(G10:G44),0) | L7: =IFERROR(COUNTIF(L10:L44, L$4)/COUNTA(H10:H44),0) | M7: =IFERROR(COUNTIF(M10:M44, M$4)/COUNTA(I10:I44),0) | N7: =IFERROR(COUNTIF(N10:N44, N$4)/COUNTA(J10:J44),0) | O7: =IFERROR(COUNTIF(O10:O44, O$4)/COUNTA(K10:K44),0) | P7: =IFERROR(COUNTIF(P10:P44, P$4)/COUNTA(L10:L44),0) | Q7: =IFERROR(COUNTIF(Q10:Q44, Q$4)/COUNTA(M10:M44),0) | R7: =IFERROR(COUNTIF(R10:R44, R$4)/COUNTA(N10:N44),0) | ... U7: =IFERROR(COUNTIF(U10:U44, U$4)/COUNTA(Q10:Q44),0)
I8: (phi by 8) | L8: (tb by 9) | M8: (bal by 9) | P8: (lac by 7) | S8: (sf by 11) | T8: (kc by 7) | U8: (lar by 7)
A9: Entry Fee | B9: Wins | C9: Wins | D9: Rank | E9: Player | F9: G1 | G9: G2 | H9: G3 | I9: G4 | J9: G5 | K9: G6 | L9: G7 | M9: G8 | N9: G9 | O9: G10 | P9: G11 | Q9: G12 | R9: G13 | S9: G14 | T9: G15 | U9: G16 | V9: Loser 1 | W9: Loser 2 | X9: Loser 3 | Y9: Suicide | Z9: Home Team % | AA9: $ Owed | AB9: Games Behind | AC9: Win %
A10: =_xlfn.IFNA(IF(AD10=0,$AD$46,""),"") | B10: =SUM(V10:X10)+C10 | C10: =COUNTA(F10:U10) | D10: =_xlfn.RANK.EQ(B10,$B$10:$B$44,0) | E10: Phelpy | F10: BUFFALO | G10: carolina | I10: TENNESSEE | J10: NEW ENGLAND | K10: green bay | O10: DENVER | Q10: DALLAS | R10: seattle | U10: LOS ANGELES RAMS | V10: New Orleans | W10: Cleveland | X10: 1 | Y10: Chicago | Z10: 0.75 | AA10: =MAX($B$10:$B$44)-B10 | AB10: =IFERROR(B10/16,0) | AD10: =MAX($B$7:$B$141)-B10
A11: =_xlfn.IFNA(IF(AD11=0,$AD$46,""),"") | B11: =SUM(V11:X11)+C11 | C11: =COUNTA(F11:U11) | D11: =_xlfn.RANK.EQ(B11,$B$10:$B$44,0) | E11: DPSOG | F11: BUFFALO | G11: carolina | I11: TENNESSEE | J11: NEW ENGLAND | K11: green bay | L11: cleveland | P11: las vegas | Q11: DALLAS | R11: seattle | U11: LOS ANGELES RAMS | V11: New Orleans | W11: 1 | X11: Indianapolis | Y11: Houston | Z11: 0.5625 | AA11: =MAX($B$10:$B$44)-B11 | AB11: =IFERROR(B11/16,0) | AD11: =MAX($B$7:$B$141)-B11
A12: =_xlfn.IFNA(IF(AD12=0,$AD$46,""),"") | B12: =SUM(V12:X12)+C12 | C12: =COUNTA(F12:U12) | D12: =_xlfn.RANK.EQ(B12,$B$10:$B$44,0) | E12: Line-Pony | F12: BUFFALO | G12: carolina | I12: TENNESSEE | J12: NEW ENGLAND | K12: green bay | L12: cleveland | M12: new orleans | O12: DENVER | P12: las vegas | Q12: DALLAS | R12: seattle | T12: indianapolis | V12: 1 | W12: 1 | X12: New York Jets | Y12: Dallas | Z12: 0.4375 | AA12: =MAX($B$10:$B$44)-B12 | AB12: =IFERROR(B12/16,0) | AD12: =MAX($B$7:$B$141)-B12
A13: =_xlfn.IFNA(IF(AD13=0,$AD$46,""),"") | B13: =SUM(V13:X13)+C13 | C13: =COUNTA(F13:U13) | D13: =_xlfn.RANK.EQ(B13,$B$10:$B$44,0) | E13: Zach N | F13: BUFFALO | J13: NEW ENGLAND | K13: green bay | O13: DENVER | Q13: DALLAS | S13: SAN FRANCISCO | V13: Tennessee | W13: Cleveland | X13: 1 | Y13: New England | Z13: 0.8125 | AA13: =MAX($B$10:$B$44)-B13 | AB13: =IFERROR(B13/16,0) | AD13: =MAX($B$7:$B$141)-B13
A14: =_xlfn.IFNA(IF(AD14=0,$AD$46,""),"") | B14: =SUM(V14:X14)+C14 | C14: =COUNTA(F14:U14) | D14: =_xlfn.RANK.EQ(B14,$B$10:$B$44,0) | E14: FMF Doc | F14: BUFFALO | I14: TENNESSEE | J14: NEW ENGLAND | K14: green bay | L14: cleveland | M14: new orleans | O14: DENVER | Q14: DALLAS | R14: seattle | S14: SAN FRANCISCO | V14: Indianapolis | W14: Las Vegas | X14: 1 | Y14: Green Bay | Z14: 0.6875 | AA14: =MAX($B$10:$B$44)-B14 | AB14: =IFERROR(B14/16,0) | AD14: =MAX($B$7:$B$141)-B14
A15: =_xlfn.IFNA(IF(AD15=0,$AD$46,""),"") | B15: =SUM(V15:X15)+C15 | C15: =COUNTA(F15:U15) | D15: =_xlfn.RANK.EQ(B15,$B$10:$B$44,0) | E15: tb | F15: BUFFALO | G15: carolina | J15: NEW ENGLAND | P15: las vegas | Q15: DALLAS | R15: seattle | S15: SAN FRANCISCO | T15: indianapolis | V15: 1 | W15: Tennessee | X15: Cleveland | Y15: Carolina | Z15: 0.5625 | AA15: =MAX($B$10:$B$44)-B15 | AB15: =IFERROR(B15/16,0) | AD15: =MAX($B$7:$B$141)-B15
A16: =_xlfn.IFNA(IF(AD16=0,$AD$46,""),"") | B16: =SUM(V16:X16)+C16 | C16: =COUNTA(F16:U16) | D16: =_xlfn.RANK.EQ(B16,$B$10:$B$44,0) | E16: Regltr5 | F16: BUFFALO | G16: carolina | J16: NEW ENGLAND | K16: green bay | M16: new orleans | N16: cincinnati | O16: DENVER | P16: las vegas | R16: seattle | S16: SAN FRANCISCO | V16: Cleveland | W16: Tennessee | X16: 1 | Y16: Carolina | Z16: 0.4375 | AA16: =MAX($B$10:$B$44)-B16 | AB16: =IFERROR(B16/16,0) | AD16: =MAX($B$7:$B$141)-B16
A17: =_xlfn.IFNA(IF(AD17=0,$AD$46,""),"") | B17: =SUM(V17:X17)+C17 | C17: =COUNTA(F17:U17) | D17: =_xlfn.RANK.EQ(B17,$B$10:$B$44,0) | E17: Katie A | F17: BUFFALO | G17: carolina | J17: NEW ENGLAND | K17: green bay | Q17: DALLAS | R17: seattle | S17: SAN FRANCISCO | U17: LOS ANGELES RAMS | V17: 1 | W17: Cleveland | X17: New Orleans | Y17: DEAD | Z17: 0.6875 | AA17: =MAX($B$10:$B$44)-B17 | AB17: =IFERROR(B17/16,0) | AD17: =MAX($B$7:$B$141)-B17
A18: =_xlfn.IFNA(IF(AD18=0,$AD$46,""),"") | B18: =SUM(V18:X18)+C18 | C18: =COUNTA(F18:U18) | D18: =_xlfn.RANK.EQ(B18,$B$10:$B$44,0) | E18: TheDogfather | F18: BUFFALO | J18: NEW ENGLAND | N18: cincinnati | O18: DENVER | U18: LOS ANGELES RAMS | V18: Carolina | W18: Tennessee | X18: Cleveland | Y18: Kansas City | Z18: 0.75 | AA18: =MAX($B$10:$B$44)-B18 | AB18: =IFERROR(B18/16,0) | AD18: =MAX($B$7:$B$141)-B18
A19: =_xlfn.IFNA(IF(AD19=0,$AD$46,""),"") | B19: =SUM(V19:X19)+C19 | C19: =COUNTA(F19:U19) | D19: =_xlfn.RANK.EQ(B19,$B$10:$B$44,0) | E19: Jim T | F19: BUFFALO | G19: carolina | I19: TENNESSEE | K19: green bay | O19: DENVER | Q19: DALLAS | R19: seattle | S19: SAN FRANCISCO | U19: LOS ANGELES RAMS | V19: 1 | W19: Cleveland | X19: Tennessee | Y19: DEAD | Z19: 0.75 | AA19: =MAX($B$10:$B$44)-B19 | AB19: =IFERROR(B19/16,0) | AD19: =MAX($B$7:$B$141)-B19
A20: =_xlfn.IFNA(IF(AD20=0,$AD$46,""),"") | B20: =SUM(V20:X20)+C20 | C20: =COUNTA(F20:U20) | D20: =_xlfn.RANK.EQ(B20,$B$10:$B$44,0) | E20: Phelps Phamily | F20: BUFFALO | G20: carolina | J20: NEW ENGLAND | K20: green bay | M20: new orleans | N20: cincinnati | R20: seattle | S20: SAN FRANCISCO | T20: indianapolis | U20: LOS ANGELES RAMS | V20: 1 | W20: Cleveland | X20: Tennessee | Y20: Buffalo | Z20: 0.4375 | AA20: =MAX($B$10:$B$44)-B20 | AB20: =IFERROR(B20/16,0) | AD20: =MAX($B$7:$B$141)-B20
A21: =_xlfn.IFNA(IF(AD21=0,$AD$46,""),"") | B21: =SUM(V21:X21)+C21 | C21: =COUNTA(F21:U21) | D21: =_xlfn.RANK.EQ(B21,$B$10:$B$44,0) | E21: SaleeNmd | F21: BUFFALO | G21: carolina | J21: NEW ENGLAND | K21: green bay | L21: cleveland | M21: new orleans | O21: DENVER | P21: las vegas | Q21: DALLAS | R21: seattle | S21: SAN FRANCISCO | T21: indianapolis | V21: 1 | W21: Tennessee | X21: New Orleans | Y21: Green Bay | Z21: 0.4375 | AA21: =MAX($B$10:$B$44)-B21 | AB21: =IFERROR(B21/16,0) | AD21: =MAX($B$7:$B$141)-B21
A22: =_xlfn.IFNA(IF(AD22=0,$AD$46,""),"") | B22: =SUM(V22:X22)+C22 | C22: =COUNTA(F22:U22) | D22: =_xlfn.RANK.EQ(B22,$B$10:$B$44,0) | E22: meatloaf | F22: BUFFALO | G22: carolina | J22: NEW ENGLAND | M22: new orleans | O22: DENVER | Q22: DALLAS | S22: SAN FRANCISCO | U22: LOS ANGELES RAMS | V22: Cleveland | W22: 1 | X22: Las Vegas | Y22: Chicago | Z22: 0.8125 | AA22: =MAX($B$10:$B$44)-B22 | AB22: =IFERROR(B22/16,0) | AD22: =MAX($B$7:$B$141)-B22
A23: =_xlfn.IFNA(IF(AD23=0,$AD$46,""),"") | B23: =SUM(V23:X23)+C23 | C23: =COUNTA(F23:U23) | D23: =_xlfn.RANK.EQ(B23,$B$10:$B$44,0) | E23: Vonasek Family | F23: BUFFALO | G23: carolina | J23: NEW ENGLAND | K23: green bay | O23: DENVER | R23: seattle | S23: SAN FRANCISCO | U23: LOS ANGELES RAMS | V23: New Orleans | W23: 1 | X23: Indianapolis | Y23: DEAD | Z23: 0.6875 | AA23: =MAX($B$10:$B$44)-B23 | AB23: =IFERROR(B23/16,0) | AD23: =MAX($B$7:$B$141)-B23
A24: =_xlfn.IFNA(IF(AD24=0,$AD$46,""),"") | B24: =SUM(V24:X24)+C24 | C24: =COUNTA(F24:U24) | D24: =_xlfn.RANK.EQ(B24,$B$10:$B$44,0) | E24: Stan | F24: BUFFALO | G24: carolina | J24: NEW ENGLAND | K24: green bay | O24: DENVER | P24: las vegas | R24: seattle | S24: SAN FRANCISCO | T24: indianapolis | V24: Tennessee | W24: Cleveland | X24: 1 | Y24: New England | Z24: 0.5 | AA24: =MAX($B$10:$B$44)-B24 | AB24: =IFERROR(B24/16,0) | AD24: =MAX($B$7:$B$141)-B24
A25: =_xlfn.IFNA(IF(AD25=0,$AD$46,""),"") | B25: =SUM(V25:X25)+C25 | C25: =COUNTA(F25:U25) | D25: =_xlfn.RANK.EQ(B25,$B$10:$B$44,0) | E25: cuetop | F25: BUFFALO | G25: carolina | J25: NEW ENGLAND | K25: green bay | O25: DENVER | P25: las vegas | Q25: DALLAS | S25: SAN FRANCISCO | V25: Cleveland | W25: 1 | X25: Tennessee | Y25: Buffalo | Z25: 0.6875 | AA25: =MAX($B$10:$B$44)-B25 | AB25: =IFERROR(B25/16,0) | AD25: =MAX($B$7:$B$141)-B25
A26: =_xlfn.IFNA(IF(AD26=0,$AD$46,""),"") | B26: =SUM(V26:X26)+C26 | C26: =COUNTA(F26:U26) | D26: =_xlfn.RANK.EQ(B26,$B$10:$B$44,0) | E26: Debe | F26: BUFFALO | J26: NEW ENGLAND | K26: green bay | O26: DENVER | P26: las vegas | Q26: DALLAS | R26: seattle | V26: Carolina | W26: Tennessee | X26: New Orleans | Y26: Seattle | Z26: 0.625 | AA26: =MAX($B$10:$B$44)-B26 | AB26: =IFERROR(B26/16,0) | AD26: =MAX($B$7:$B$141)-B26
A27: =_xlfn.IFNA(IF(AD27=0,$AD$46,""),"") | B27: =SUM(V27:X27)+C27 | C27: =COUNTA(F27:U27) | D27: =_xlfn.RANK.EQ(B27,$B$10:$B$44,0) | E27: CraneGuy936 | G27: carolina | K27: green bay | P27: las vegas | Q27: DALLAS | R27: seattle | S27: SAN FRANCISCO | U27: LOS ANGELES RAMS | V27: 1 | W27: Cleveland | X27: New England | Y27: DEAD | Z27: 0.5 | AA27: =MAX($B$10:$B$44)-B27 | AB27: =IFERROR(B27/16,0) | AD27: =MAX($B$7:$B$141)-B27
A28: =_xlfn.IFNA(IF(AD28=0,$AD$46,""),"") | B28: =SUM(V28:X28)+C28 | C28: =COUNTA(F28:U28) | D28: =_xlfn.RANK.EQ(B28,$B$10:$B$44,0) | E28: Frankethetank | F28: BUFFALO | G28: carolina | J28: NEW ENGLAND | K28: green bay | L28: cleveland | M28: new orleans | O28: DENVER | P28: las vegas | R28: seattle | U28: LOS ANGELES RAMS | V28: New York Jets | W28: Cleveland | X28: Tennessee | Y28: Green Bay | Z28: 0.4375 | AA28: =MAX($B$10:$B$44)-B28 | AB28: =IFERROR(B28/16,0) | AD28: =MAX($B$7:$B$141)-B28
A29: =_xlfn.IFNA(IF(AD29=0,$AD$46,""),"") | B29: =SUM(V29:X29)+C29 | C29: =COUNTA(F29:U29) | D29: =_xlfn.RANK.EQ(B29,$B$10:$B$44,0) | E29: MiMi | F29: BUFFALO | I29: TENNESSEE | J29: NEW ENGLAND | K29: green bay | N29: cincinnati | O29: DENVER | P29: las vegas | R29: seattle | S29: SAN FRANCISCO | U29: LOS ANGELES RAMS | V29: Cleveland | W29: 1 | X29: 1 | Y29: Buffalo | Z29: 0.6875 | AA29: =MAX($B$10:$B$44)-B29 | AB29: =IFERROR(B29/16,0) | AD29: =MAX($B$7:$B$141)-B29
A30: =_xlfn.IFNA(IF(AD30=0,$AD$46,""),"") | B30: =SUM(V30:X30)+C30 | C30: =COUNTA(F30:U30) | D30: =_xlfn.RANK.EQ(B30,$B$10:$B$44,0) | E30: Navygolfer | F30: BUFFALO | G30: carolina | J30: NEW ENGLAND | K30: green bay | O30: DENVER | P30: las vegas | Q30: DALLAS | R30: seattle | S30: SAN FRANCISCO | V30: New Orleans | W30: 1 | X30: Tennessee | Y30: Carolina | Z30: 0.625 | AA30: =MAX($B$10:$B$44)-B30 | AB30: =IFERROR(B30/16,0) | AD30: =MAX($B$7:$B$141)-B30
A31: =_xlfn.IFNA(IF(AD31=0,$AD$46,""),"") | B31: =SUM(V31:X31)+C31 | C31: =COUNTA(F31:U31) | D31: =_xlfn.RANK.EQ(B31,$B$10:$B$44,0) | E31: Ian | F31: BUFFALO | G31: carolina | P31: las vegas | Q31: DALLAS | S31: SAN FRANCISCO | T31: indianapolis | U31: LOS ANGELES RAMS | V31: 1 | W31: Minnesota | X31: New Orleans | Y31: DEAD | Z31: 0.625 | AA31: =MAX($B$10:$B$44)-B31 | AB31: =IFERROR(B31/16,0) | AD31: =MAX($B$7:$B$141)-B31
A32: =_xlfn.IFNA(IF(AD32=0,$AD$46,""),"") | B32: =SUM(V32:X32)+C32 | C32: =COUNTA(F32:U32) | D32: =_xlfn.RANK.EQ(B32,$B$10:$B$44,0) | E32: Samsaunt | F32: BUFFALO | G32: carolina | K32: green bay | N32: cincinnati | P32: las vegas | Q32: DALLAS | R32: seattle | S32: SAN FRANCISCO | U32: LOS ANGELES RAMS | V32: Tennessee | W32: 1 | X32: New York Jets | Y32: Buffalo | Z32: 0.5 | AA32: =MAX($B$10:$B$44)-B32 | AB32: =IFERROR(B32/16,0) | AD32: =MAX($B$7:$B$141)-B32
A33: =_xlfn.IFNA(IF(AD33=0,$AD$46,""),"") | B33: =SUM(V33:X33)+C33 | C33: =COUNTA(F33:U33) | D33: =_xlfn.RANK.EQ(B33,$B$10:$B$44,0) | E33: Bob h | F33: BUFFALO | G33: carolina | J33: NEW ENGLAND | K33: green bay | O33: DENVER | Q33: DALLAS | R33: seattle | S33: SAN FRANCISCO | U33: LOS ANGELES RAMS | V33: 1 | W33: Cleveland | X33: 1 | Y33: Tennessee | Z33: 0.75 | AA33: =MAX($B$10:$B$44)-B33 | AB33: =IFERROR(B33/16,0) | AD33: =MAX($B$7:$B$141)-B33
A34: =_xlfn.IFNA(IF(AD34=0,$AD$46,""),"") | B34: =SUM(V34:X34)+C34 | C34: =COUNTA(F34:U34) | D34: =_xlfn.RANK.EQ(B34,$B$10:$B$44,0) | E34: Ryan S | F34: BUFFALO | G34: carolina | J34: NEW ENGLAND | K34: green bay | P34: las vegas | R34: seattle | V34: Cleveland | W34: Tennessee | X34: New Orleans | Y34: DEAD | Z34: 0.4375 | AA34: =MAX($B$10:$B$44)-B34 | AB34: =IFERROR(B34/16,0) | AD34: =MAX($B$7:$B$141)-B34
A35: =_xlfn.IFNA(IF(AD35=0,$AD$46,""),"") | B35: =SUM(V35:X35)+C35 | C35: =COUNTA(F35:U35) | D35: =_xlfn.RANK.EQ(B35,$B$10:$B$44,0) | E35: Gr8granpa | F35: BUFFALO | G35: carolina | J35: NEW ENGLAND | K35: green bay | N35: cincinnati | O35: DENVER | R35: seattle | S35: SAN FRANCISCO | U35: LOS ANGELES RAMS | V35: 1 | W35: Cleveland | X35: New Orleans | Y35: Seattle | Z35: 0.625 | AA35: =MAX($B$10:$B$44)-B35 | AB35: =IFERROR(B35/16,0) | AD35: =MAX($B$7:$B$141)-B35
A36: =_xlfn.IFNA(IF(AD36=0,$AD$46,""),"") | B36: =SUM(V36:X36)+C36 | C36: =COUNTA(F36:U36) | D36: =_xlfn.RANK.EQ(B36,$B$10:$B$44,0) | E36: MayeDay! MayeDay! | F36: BUFFALO | G36: carolina | J36: NEW ENGLAND | M36: new orleans | Q36: DALLAS | R36: seattle | S36: SAN FRANCISCO | U36: LOS ANGELES RAMS | V36: Indianapolis | W36: Tennessee | X36: 1 | Y36: Seattle | Z36: 0.6875 | AA36: =MAX($B$10:$B$44)-B36 | AB36: =IFERROR(B36/16,0) | AD36: =MAX($B$7:$B$141)-B36
A37: =_xlfn.IFNA(IF(AD37=0,$AD$46,""),"") | B37: =SUM(V37:X37)+C37 | C37: =COUNTA(F37:U37) | D37: =_xlfn.RANK.EQ(B37,$B$10:$B$44,0) | E37: Sista Sledge | F37: BUFFALO | G37: carolina | J37: NEW ENGLAND | K37: green bay | O37: DENVER | P37: las vegas | Q37: DALLAS | R37: seattle | S37: SAN FRANCISCO | U37: LOS ANGELES RAMS | V37: Cleveland | W37: 1 | X37: Tennessee | Y37: DEAD | Z37: 0.6875 | AA37: =MAX($B$10:$B$44)-B37 | AB37: =IFERROR(B37/16,0) | AD37: =MAX($B$7:$B$141)-B37
A38: =_xlfn.IFNA(IF(AD38=0,$AD$46,""),"") | B38: =SUM(V38:X38)+C38 | C38: =COUNTA(F38:U38) | D38: =_xlfn.RANK.EQ(B38,$B$10:$B$44,0) | E38: The Dark Side | F38: BUFFALO | G38: carolina | J38: NEW ENGLAND | K38: green bay | N38: cincinnati | P38: las vegas | Q38: DALLAS | R38: seattle | U38: LOS ANGELES RAMS | V38: Tennessee | W38: Cleveland | X38: Indianapolis | Y38: DEAD | Z38: 0.5 | AA38: =MAX($B$10:$B$44)-B38 | AB38: =IFERROR(B38/16,0) | AD38: =MAX($B$7:$B$141)-B38
A39: =_xlfn.IFNA(IF(AD39=0,$AD$46,""),"") | B39: =SUM(V39:X39)+C39 | C39: =COUNTA(F39:U39) | D39: =_xlfn.RANK.EQ(B39,$B$10:$B$44,0) | E39: Waffle Hauss | F39: BUFFALO | G39: carolina | J39: NEW ENGLAND | K39: green bay | L39: cleveland | O39: DENVER | P39: las vegas | Q39: DALLAS | R39: seattle | S39: SAN FRANCISCO | T39: indianapolis | U39: LOS ANGELES RAMS | V39: 1 | W39: Tennessee | X39: 1 | Y39: Chicago | Z39: 0.5625 | AA39: =MAX($B$10:$B$44)-B39 | AB39: =IFERROR(B39/16,0) | AD39: =MAX($B$7:$B$141)-B39
A40: =_xlfn.IFNA(IF(AD40=0,$AD$46,""),"") | B40: =SUM(V40:X40)+C40 | C40: =COUNTA(F40:U40) | D40: =_xlfn.RANK.EQ(B40,$B$10:$B$44,0) | E40: Kit | F40: BUFFALO | J40: NEW ENGLAND | K40: green bay | N40: cincinnati | P40: las vegas | R40: seattle | U40: LOS ANGELES RAMS | V40: Cleveland | W40: Las Vegas | X40: Tennessee | Y40: DEAD | Z40: 0.5 | AA40: =MAX($B$10:$B$44)-B40 | AB40: =IFERROR(B40/16,0) | AD40: =MAX($B$7:$B$141)-B40
A41: =_xlfn.IFNA(IF(AD41=0,$AD$46,""),"") | B41: =SUM(V41:X41)+C41 | C41: =COUNTA(F41:U41) | D41: =_xlfn.RANK.EQ(B41,$B$10:$B$44,0) | E41: Brick_Hauss | F41: BUFFALO | G41: carolina | J41: NEW ENGLAND | K41: green bay | R41: seattle | T41: indianapolis | U41: LOS ANGELES RAMS | V41: Tennessee | W41: 1 | X41: Cleveland | Y41: DEAD | Z41: 0.5 | AA41: =MAX($B$10:$B$44)-B41 | AB41: =IFERROR(B41/16,0) | AD41: =MAX($B$7:$B$141)-B41
A42: =_xlfn.IFNA(IF(AD42=0,$AD$46,""),"") | B42: =SUM(V42:X42)+C42 | C42: =COUNTA(F42:U42) | D42: =_xlfn.RANK.EQ(B42,$B$10:$B$44,0) | E42: Mrp4real | F42: BUFFALO | G42: carolina | J42: NEW ENGLAND | K42: green bay | P42: las vegas | R42: seattle | S42: SAN FRANCISCO | U42: LOS ANGELES RAMS | V42: 1 | W42: Tennessee | X42: 1 | Y42: Philadelphia | Z42: 0.5625 | AA42: =MAX($B$10:$B$44)-B42 | AB42: =IFERROR(B42/16,0) | AD42: =MAX($B$7:$B$141)-B42
A43: =_xlfn.IFNA(IF(AD43=0,$AD$46,""),"") | B43: =SUM(V43:X43)+C43 | C43: =COUNTA(F43:U43) | D43: =_xlfn.RANK.EQ(B43,$B$10:$B$44,0) | E43: Rusted Ox | F43: BUFFALO | G43: carolina | J43: NEW ENGLAND | K43: green bay | N43: cincinnati | O43: DENVER | Q43: DALLAS | R43: seattle | S43: SAN FRANCISCO | U43: LOS ANGELES RAMS | V43: 1 | W43: Dallas | X43: New Orleans | Y43: DEAD | Z43: 0.6875 | AA43: =MAX($B$10:$B$44)-B43 | AB43: =IFERROR(B43/16,0) | AD43: =MAX($B$7:$B$141)-B43
A44: =_xlfn.IFNA(IF(AD44=0,$AD$46,""),"") | B44: =SUM(V44:X44)+C44 | C44: =COUNTA(F44:U44) | D44: =_xlfn.RANK.EQ(B44,$B$10:$B$44,0) | E44: Ddupuy | F44: BUFFALO | G44: carolina | J44: NEW ENGLAND | K44: green bay | P44: las vegas | Q44: DALLAS | R44: seattle | S44: SAN FRANCISCO | T44: indianapolis | V44: 1 | W44: New Orleans | X44: Cleveland | Y44: DEAD | Z44: 0.5 | AA44: =MAX($B$10:$B$44)-B44 | AB44: =IFERROR(B44/16,0) | AD44: =MAX($B$7:$B$141)-B44
AD45: =COUNTIF(AD10:AD44,0)
AD46: =SUM(AD10:AD44)/AD45

Sheet Week 3
A1: 🏈 WEEK 3 — ACQL
A4: Home Team | F4: Green Bay | G4: Buffalo | H4: Cleveland | I4: Detroit | J4: Indianapolis | K4: Miami | L4: New York Giants | M4: Pittsburgh | N4: Washington | O4: Jacksonville | P4: San Francisco | Q4: Tampa Bay | R4: Dallas | S4: New Orleans | T4: Denver | U4: Chicago
A5: Away Team | F5: Atlanta | G5: Los Angeles Chargers | H5: Carolina | I5: New York Jets | J5: Houston | K5: Kansas City | L5: Tennessee | M5: Cincinnati | N5: Seattle | O5: New England | P5: Arizona | Q5: Minnesota | R5: Baltimore | S5: Las Vegas | T5: Los Angeles Rams | U5: Philadelphia
A6: Result / Winner → | F6: Atlanta | G6: Buffalo | H6: Cleveland | I6: Detroit | J6: Indianapolis | K6: Kansas City | L6: New York Giants | M6: Pittsburgh | N6: Washington | O6: Jacksonville | P6: Arizona | Q6: Minnesota | R6: Baltimore | S6: Las Vegas | T6: Denver | U6: Chicago
A7: Picked Home % | F7: =COUNTIF(F10:F44, F$4)/COUNTA(F10:F44) | G7: =COUNTIF(G10:G44, G$4)/COUNTA(G10:G44) | H7: =COUNTIF(H10:H44, H$4)/COUNTA(H10:H44) | I7: =COUNTIF(I10:I44, I$4)/COUNTA(I10:I44) | J7: =COUNTIF(J10:J44, J$4)/COUNTA(J10:J44) | K7: =COUNTIF(K10:K44, K$4)/COUNTA(K10:K44) | L7: =COUNTIF(L10:L44, L$4)/COUNTA(L10:L44) | M7: =COUNTIF(M10:M44, M$4)/COUNTA(M10:M44) | ... U7: =COUNTIF(U10:U44, U$4)/COUNTA(U10:U44)
F8: (GB by 7) | G8: (Buf by 8) | I8: (Det by 7) | K8: (KC by 12) | N8: (Sea by 8) | P8: (SF by 9)
A9: Entry Fee | B9: Wins | C9: Wins | D9: Rank | E9: Player | F9: G1 | G9: G2 | H9: G3 | I9: G4 | J9: G5 | K9: G6 | L9: G7 | M9: G8 | N9: G9 | O9: G10 | P9: G11 | Q9: G12 | R9: G13 | S9: G14 | T9: G15 | U9: G16 | V9: Loser 1 | W9: Loser 2 | X9: Loser 3 | Y9: Suicide | Z9: Home Team % | AA9: $ Owed | AB9: Games Behind | AC9: Win %
A10: =_xlfn.IFNA(IF(AD10=0,$AD$46,""),"") | B10: =SUM(V10:X10)+C10 | C10: =COUNTA(F10:U10) | D10: =_xlfn.RANK.EQ(B10,$B$10:$B$44,0) | E10: Line-Pony | F10: atlanta | L10: NEW YORK GIANTS | N10: WASHINGTON | O10: JACKSONVILLE | P10: Arizona | Q10: minnesota | R10: baltimore | V10: Atlanta | W10: Chicago | X10: Miami | Y10: Cincinnati | Z10: 0.3125 | AA10: Line-Pony | AB10: =IFERROR(B10/16,0) | AD10: =MAX($B$7:$B$141)-B10
A11: =_xlfn.IFNA(IF(AD11=0,$AD$46,""),"") | B11: =SUM(V11:X11)+C11 | C11: =COUNTA(F11:U11) | D11: =_xlfn.RANK.EQ(B11,$B$10:$B$44,0) | E11: SaleeNmd | F11: atlanta | K11: kansas city | L11: NEW YORK GIANTS | O11: JACKSONVILLE | Q11: minnesota | R11: baltimore | V11: Miami | W11: Washington | X11: Arizona | Y11: Kansas City | Z11: 0.25 | AA11: SaleeNmd | AB11: =IFERROR(B11/16,0) | AD11: =MAX($B$7:$B$141)-B11
A12: =_xlfn.IFNA(IF(AD12=0,$AD$46,""),"") | B12: =SUM(V12:X12)+C12 | C12: =COUNTA(F12:U12) | D12: =_xlfn.RANK.EQ(B12,$B$10:$B$44,0) | E12: Phelpy | I12: DETROIT | K12: kansas city | O12: JACKSONVILLE | Q12: minnesota | R12: baltimore | U12: philadelphia | V12: Arizona | W12: Washington | X12: Miami | Y12: DEAD | Z12: 0.375 | AA12: Phelpy | AB12: =IFERROR(B12/16,0) | AD12: =MAX($B$7:$B$141)-B12
A13: =_xlfn.IFNA(IF(AD13=0,$AD$46,""),"") | B13: =SUM(V13:X13)+C13 | C13: =COUNTA(F13:U13) | D13: =_xlfn.RANK.EQ(B13,$B$10:$B$44,0) | E13: DPSOG | F13: atlanta | I13: DETROIT | O13: JACKSONVILLE | P13: Arizona | R13: baltimore | V13: Washington | W13: New York Jets | X13: Miami | Y13: DEAD | Z13: 0.3125 | AA13: DPSOG | AB13: =IFERROR(B13/16,0) | AD13: =MAX($B$7:$B$141)-B13
A14: =_xlfn.IFNA(IF(AD14=0,$AD$46,""),"") | B14: =SUM(V14:X14)+C14 | C14: =COUNTA(F14:U14) | D14: =_xlfn.RANK.EQ(B14,$B$10:$B$44,0) | E14: FMF Doc | I14: DETROIT | J14: INDIANAPOLIS | K14: kansas city | O14: JACKSONVILLE | Q14: minnesota | R14: baltimore | S14: las vegas | U14: philadelphia | V14: Arizona | W14: Los Angeles Chargers | X14: Miami | Y14: Philadelphia | Z14: 0.375 | AA14: FMF Doc | AB14: =IFERROR(B14/16,0) | AD14: =MAX($B$7:$B$141)-B14
A15: =_xlfn.IFNA(IF(AD15=0,$AD$46,""),"") | B15: 3 | C15: =COUNTA(F15:U15) | D15: =_xlfn.RANK.EQ(B15,$B$10:$B$44,0) | E15: Regltr5 | Z15: 0 | AA15: Regltr5 | AB15: =IFERROR(B15/16,0) | AD15: =MAX($B$7:$B$141)-B15
A16: =_xlfn.IFNA(IF(AD16=0,$AD$46,""),"") | B16: =SUM(V16:X16)+C16 | C16: =COUNTA(F16:U16) | D16: =_xlfn.RANK.EQ(B16,$B$10:$B$44,0) | E16: Phelps Phamily | I16: DETROIT | K16: kansas city | O16: JACKSONVILLE | P16: Arizona | Q16: minnesota | R16: baltimore | T16: DENVER | U16: philadelphia | V16: Atlanta | W16: Miami | X16: Arizona | Y16: Philadelphia | Z16: 0.375 | AA16: Phelps Phamily | AB16: =IFERROR(B16/16,0) | AD16: =MAX($B$7:$B$141)-B16
A17: =_xlfn.IFNA(IF(AD17=0,$AD$46,""),"") | B17: =SUM(V17:X17)+C17 | C17: =COUNTA(F17:U17) | D17: =_xlfn.RANK.EQ(B17,$B$10:$B$44,0) | E17: MiMi | F17: atlanta | I17: DETROIT | L17: NEW YORK GIANTS | M17: PITTSBURGH | N17: WASHINGTON | P17: Arizona | R17: baltimore | T17: DENVER | U17: philadelphia | V17: Minnesota | W17: New York Jets | X17: Los Angeles Chargers | Y17: Detroit | Z17: 0.5625 | AA17: MiMi | AB17: =IFERROR(B17/16,0) | AD17: =MAX($B$7:$B$141)-B17
A18: =_xlfn.IFNA(IF(AD18=0,$AD$46,""),"") | B18: 6 | C18: =COUNTA(F18:U18) | D18: =_xlfn.RANK.EQ(B18,$B$10:$B$44,0) | E18: Waffle Hauss | Z18: 0.375 | AA18: Waffle Hauss | AB18: =IFERROR(B18/16,0) | AD18: =MAX($B$7:$B$141)-B18
A19: =_xlfn.IFNA(IF(AD19=0,$AD$46,""),"") | B19: =SUM(V19:X19)+C19 | C19: =COUNTA(F19:U19) | D19: =_xlfn.RANK.EQ(B19,$B$10:$B$44,0) | E19: Jim T | I19: DETROIT | M19: PITTSBURGH | O19: JACKSONVILLE | T19: DENVER | U19: philadelphia | V19: Arizona | W19: Washington | X19: New York Jets | Y19: DEAD | Z19: 0.6875 | AA19: Jim T | AB19: =IFERROR(B19/16,0) | AD19: =MAX($B$7:$B$141)-B19
A20: =_xlfn.IFNA(IF(AD20=0,$AD$46,""),"") | B20: =SUM(V20:X20)+C20 | C20: =COUNTA(F20:U20) | D20: =_xlfn.RANK.EQ(B20,$B$10:$B$44,0) | E20: tb | J20: INDIANAPOLIS | K20: kansas city | O20: JACKSONVILLE | Q20: minnesota | R20: baltimore | T20: DENVER | U20: philadelphia | V20: Atlanta | W20: Miami | X20: Arizona | Y20: Green Bay | Z20: 0.4375 | AA20: tb | AB20: =IFERROR(B20/16,0) | AD20: =MAX($B$7:$B$141)-B20
A21: =_xlfn.IFNA(IF(AD21=0,$AD$46,""),"") | B21: =SUM(V21:X21)+C21 | C21: =COUNTA(F21:U21) | D21: =_xlfn.RANK.EQ(B21,$B$10:$B$44,0) | E21: Katie A | I21: DETROIT | J21: INDIANAPOLIS | K21: kansas city | O21: JACKSONVILLE | Q21: minnesota | R21: baltimore | U21: philadelphia | V21: Miami | W21: Arizona | X21: Washington | Y21: DEAD | Z21: 0.4375 | AA21: Katie A | AB21: =IFERROR(B21/16,0) | AD21: =MAX($B$7:$B$141)-B21
A22: =_xlfn.IFNA(IF(AD22=0,$AD$46,""),"") | B22: =SUM(V22:X22)+C22 | C22: =COUNTA(F22:U22) | D22: =_xlfn.RANK.EQ(B22,$B$10:$B$44,0) | E22: Stan | F22: atlanta | J22: INDIANAPOLIS | K22: kansas city | L22: NEW YORK GIANTS | M22: PITTSBURGH | N22: WASHINGTON | S22: las vegas | U22: philadelphia | V22: Arizona | W22: Miami | X22: Los Angeles Chargers | Y22: Philadelphia | Z22: 0.5 | AA22: Stan | AB22: =IFERROR(B22/16,0) | AD22: =MAX($B$7:$B$141)-B22
A23: =_xlfn.IFNA(IF(AD23=0,$AD$46,""),"") | B23: =SUM(V23:X23)+C23 | C23: =COUNTA(F23:U23) | D23: =_xlfn.RANK.EQ(B23,$B$10:$B$44,0) | E23: Frankethetank | F23: atlanta | I23: DETROIT | K23: kansas city | L23: NEW YORK GIANTS | O23: JACKSONVILLE | P23: Arizona | Q23: minnesota | R23: baltimore | T23: DENVER | V23: Pittsburgh | W23: Miami | X23: Arizona | Y23: Baltimore | Z23: 0.3125 | AA23: Frankethetank | AB23: =IFERROR(B23/16,0) | AD23: =MAX($B$7:$B$141)-B23
A24: =_xlfn.IFNA(IF(AD24=0,$AD$46,""),"") | B24: =SUM(V24:X24)+C24 | C24: =COUNTA(F24:U24) | D24: =_xlfn.RANK.EQ(B24,$B$10:$B$44,0) | E24: Navygolfer | I24: DETROIT | K24: kansas city | L24: NEW YORK GIANTS | O24: JACKSONVILLE | Q24: minnesota | R24: baltimore | U24: philadelphia | V24: Miami | W24: Los Angeles Chargers | X24: Washington | Y24: Philadelphia | Z24: 0.4375 | AA24: Navygolfer | AB24: =IFERROR(B24/16,0) | AD24: =MAX($B$7:$B$141)-B24
A25: =_xlfn.IFNA(IF(AD25=0,$AD$46,""),"") | B25: =SUM(V25:X25)+C25 | C25: =COUNTA(F25:U25) | D25: =_xlfn.RANK.EQ(B25,$B$10:$B$44,0) | E25: Bob h | I25: DETROIT | K25: kansas city | Q25: minnesota | R25: baltimore | U25: philadelphia | V25: Arizona | W25: Cleveland | X25: Las Vegas | Y25: Chicago | Z25: 0.3125 | AA25: Bob h | AB25: =IFERROR(B25/16,0) | AD25: =MAX($B$7:$B$141)-B25
A26: =_xlfn.IFNA(IF(AD26=0,$AD$46,""),"") | B26: =SUM(V26:X26)+C26 | C26: =COUNTA(F26:U26) | D26: =_xlfn.RANK.EQ(B26,$B$10:$B$44,0) | E26: Sista Sledge | H26: CLEVELAND | I26: DETROIT | J26: INDIANAPOLIS | K26: kansas city | L26: NEW YORK GIANTS | P26: Arizona | R26: baltimore | U26: philadelphia | V26: Atlanta | W26: Miami | X26: Washington | Y26: DEAD | Z26: 0.5 | AA26: Sista Sledge | AB26: =IFERROR(B26/16,0) | AD26: =MAX($B$7:$B$141)-B26
A27: =_xlfn.IFNA(IF(AD27=0,$AD$46,""),"") | B27: =SUM(V27:X27)+C27 | C27: =COUNTA(F27:U27) | D27: =_xlfn.RANK.EQ(B27,$B$10:$B$44,0) | E27: Zach N | F27: atlanta | I27: DETROIT | J27: INDIANAPOLIS | K27: kansas city | L27: NEW YORK GIANTS | M27: PITTSBURGH | O27: JACKSONVILLE | P27: Arizona | Q27: minnesota | R27: baltimore | S27: las vegas | U27: philadelphia | V27: New York Jets | W27: Miami | X27: Washington | Y27: Los Angeles Rams | Z27: 0.375 | AA27: Zach N | AB27: =IFERROR(B27/16,0) | AD27: =MAX($B$7:$B$141)-B27
A28: =_xlfn.IFNA(IF(AD28=0,$AD$46,""),"") | B28: =SUM(V28:X28)+C28 | C28: =COUNTA(F28:U28) | D28: =_xlfn.RANK.EQ(B28,$B$10:$B$44,0) | E28: meatloaf | I28: DETROIT | K28: kansas city | L28: NEW YORK GIANTS | O28: JACKSONVILLE | R28: baltimore | V28: Atlanta | W28: New York Jets | X28: Miami | Y28: DEAD | Z28: 0.4375 | AA28: meatloaf | AB28: =IFERROR(B28/16,0) | AD28: =MAX($B$7:$B$141)-B28
A29: =_xlfn.IFNA(IF(AD29=0,$AD$46,""),"") | B29: =SUM(V29:X29)+C29 | C29: =COUNTA(F29:U29) | D29: =_xlfn.RANK.EQ(B29,$B$10:$B$44,0) | E29: Vonasek Family | I29: DETROIT | K29: kansas city | L29: NEW YORK GIANTS | O29: JACKSONVILLE | Q29: minnesota | R29: baltimore | U29: philadelphia | V29: Arizona | W29: Miami | X29: Dallas | Y29: DEAD | Z29: 0.4375 | AA29: Vonasek Family | AB29: =IFERROR(B29/16,0) | AD29: =MAX($B$7:$B$141)-B29
A30: =_xlfn.IFNA(IF(AD30=0,$AD$46,""),"") | B30: =SUM(V30:X30)+C30 | C30: =COUNTA(F30:U30) | D30: =_xlfn.RANK.EQ(B30,$B$10:$B$44,0) | E30: cuetop | I30: DETROIT | K30: kansas city | L30: NEW YORK GIANTS | Q30: minnesota | R30: baltimore | U30: philadelphia | V30: Arizona | W30: Atlanta | X30: Miami | Y30: Philadelphia | Z30: 0.375 | AA30: cuetop | AB30: =IFERROR(B30/16,0) | AD30: =MAX($B$7:$B$141)-B30
A31: =_xlfn.IFNA(IF(AD31=0,$AD$46,""),"") | B31: =SUM(V31:X31)+C31 | C31: =COUNTA(F31:U31) | D31: =_xlfn.RANK.EQ(B31,$B$10:$B$44,0) | E31: Samsaunt | I31: DETROIT | K31: kansas city | L31: NEW YORK GIANTS | O31: JACKSONVILLE | Q31: minnesota | U31: philadelphia | V31: none | W31: Miami | X31: Cleveland | Y31: Los Angeles Rams | Z31: 0.5 | AA31: Samsaunt | AB31: =IFERROR(B31/16,0) | AD31: =MAX($B$7:$B$141)-B31
A32: =_xlfn.IFNA(IF(AD32=0,$AD$46,""),"") | B32: =SUM(V32:X32)+C32 | C32: =COUNTA(F32:U32) | D32: =_xlfn.RANK.EQ(B32,$B$10:$B$44,0) | E32: Gr8granpa | H32: CLEVELAND | I32: DETROIT | J32: INDIANAPOLIS | K32: kansas city | M32: PITTSBURGH | N32: WASHINGTON | Q32: minnesota | S32: las vegas | U32: philadelphia | V32: Miami | W32: New York Jets | X32: Los Angeles Chargers | Y32: Cleveland | Z32: 0.5625 | AA32: Gr8granpa | AB32: =IFERROR(B32/16,0) | AD32: =MAX($B$7:$B$141)-B32
A33: =_xlfn.IFNA(IF(AD33=0,$AD$46,""),"") | B33: =SUM(V33:X33)+C33 | C33: =COUNTA(F33:U33) | D33: =_xlfn.RANK.EQ(B33,$B$10:$B$44,0) | E33: CraneGuy936 | I33: DETROIT | K33: kansas city | O33: JACKSONVILLE | Q33: minnesota | S33: las vegas | U33: philadelphia | V33: Arizona | W33: Miami | X33: Washington | Y33: -Dead- | Z33: 0.375 | AA33: CraneGuy936 | AB33: =IFERROR(B33/16,0) | AD33: =MAX($B$7:$B$141)-B33
A34: =_xlfn.IFNA(IF(AD34=0,$AD$46,""),"") | B34: =SUM(V34:X34)+C34 | C34: =COUNTA(F34:U34) | D34: =_xlfn.RANK.EQ(B34,$B$10:$B$44,0) | E34: MayeDay! MayeDay! | K34: kansas city | L34: NEW YORK GIANTS | R34: baltimore | T34: DENVER | V34: Miami | W34: Washington | X34: Arizona | Y34: Carolina | Z34: 0.375 | AA34: MayeDay! MayeDay! | AB34: =IFERROR(B34/16,0) | AD34: =MAX($B$7:$B$141)-B34
A35: =_xlfn.IFNA(IF(AD35=0,$AD$46,""),"") | B35: =SUM(V35:X35)+C35 | C35: =COUNTA(F35:U35) | D35: =_xlfn.RANK.EQ(B35,$B$10:$B$44,0) | E35: Debe | I35: DETROIT | J35: INDIANAPOLIS | K35: kansas city | L35: NEW YORK GIANTS | M35: PITTSBURGH | N35: WASHINGTON | Q35: minnesota | R35: baltimore | S35: las vegas | T35: DENVER | U35: philadelphia | V35: Jacksonville | W35: Cleveland | X35: Los Angeles Rams | Y35: Las Vegas | Z35: 0.5625 | AA35: Debe | AB35: =IFERROR(B35/16,0) | AD35: =MAX($B$7:$B$141)-B35
A36: =_xlfn.IFNA(IF(AD36=0,$AD$46,""),"") | B36: =SUM(V36:X36)+C36 | C36: =COUNTA(F36:U36) | D36: =_xlfn.RANK.EQ(B36,$B$10:$B$44,0) | E36: Ian | I36: DETROIT | J36: INDIANAPOLIS | K36: kansas city | M36: PITTSBURGH | P36: Arizona | Q36: minnesota | R36: baltimore | U36: philadelphia | V36: Miami | W36: Los Angeles Chargers | X36: Chicago | Y36: DEAD | Z36: 0.375 | AA36: Ian | AB36: =IFERROR(B36/16,0) | AD36: =MAX($B$7:$B$141)-B36
A37: =_xlfn.IFNA(IF(AD37=0,$AD$46,""),"") | B37: =SUM(V37:X37)+C37 | C37: =COUNTA(F37:U37) | D37: =_xlfn.RANK.EQ(B37,$B$10:$B$44,0) | E37: The Dark Side | F37: atlanta | H37: CLEVELAND | I37: DETROIT | K37: kansas city | O37: JACKSONVILLE | Q37: minnesota | R37: baltimore | S37: las vegas | U37: philadelphia | V37: Los Angeles Chargers | W37: Miami | X37: Washington | Y37: DEAD | Z37: 0.3125 | AA37: The Dark Side | AB37: =IFERROR(B37/16,0) | AD37: =MAX($B$7:$B$141)-B37
A38: =_xlfn.IFNA(IF(AD38=0,$AD$46,""),"") | B38: =SUM(V38:X38)+C38 | C38: =COUNTA(F38:U38) | D38: =_xlfn.RANK.EQ(B38,$B$10:$B$44,0) | E38: Mrp4real | F38: atlanta | I38: DETROIT | K38: kansas city | L38: NEW YORK GIANTS | Q38: minnesota | R38: baltimore | U38: philadelphia | V38: Arizona | W38: Miami | X38: Los Angeles Chargers | Y38: DEAD | Z38: 0.3125 | AA38: Mrp4real | AB38: =IFERROR(B38/16,0) | AD38: =MAX($B$7:$B$141)-B38
A39: =_xlfn.IFNA(IF(AD39=0,$AD$46,""),"") | B39: =SUM(V39:X39)+C39 | C39: =COUNTA(F39:U39) | D39: =_xlfn.RANK.EQ(B39,$B$10:$B$44,0) | E39: Rusted Ox | I39: DETROIT | J39: INDIANAPOLIS | K39: kansas city | L39: NEW YORK GIANTS | T39: DENVER | U39: philadelphia | V39: Miami | W39: Arizona | X39: Washington | Y39: DEAD | Z39: 0.625 | AA39: Rusted Ox | AB39: =IFERROR(B39/16,0) | AD39: =MAX($B$7:$B$141)-B39
A40: =_xlfn.IFNA(IF(AD40=0,$AD$46,""),"") | B40: =SUM(V40:X40)+C40 | C40: =COUNTA(F40:U40) | D40: =_xlfn.RANK.EQ(B40,$B$10:$B$44,0) | E40: TheDogfather | I40: DETROIT | K40: kansas city | O40: JACKSONVILLE | R40: baltimore | U40: philadelphia | V40: New York Giants | W40: Chicago | X40: Miami | Y40: DEAD | Z40: 0.4375 | AA40: TheDogfather | AB40: =IFERROR(B40/16,0) | AD40: =MAX($B$7:$B$141)-B40
A41: =_xlfn.IFNA(IF(AD41=0,$AD$46,""),"") | B41: =SUM(V41:X41)+C41 | C41: =COUNTA(F41:U41) | D41: =_xlfn.RANK.EQ(B41,$B$10:$B$44,0) | E41: Ddupuy | I41: DETROIT | J41: INDIANAPOLIS | K41: kansas city | L41: NEW YORK GIANTS | O41: JACKSONVILLE | Q41: minnesota | R41: baltimore | U41: philadelphia | V41: Washington | W41: Arizona | X41: Miami | Y41: DEAD | Z41: 0.5 | AA41: Ddupuy | AB41: =IFERROR(B41/16,0) | AD41: =MAX($B$7:$B$141)-B41
A42: =_xlfn.IFNA(IF(AD42=0,$AD$46,""),"") | B42: =SUM(V42:X42)+C42 | C42: =COUNTA(F42:U42) | D42: =_xlfn.RANK.EQ(B42,$B$10:$B$44,0) | E42: Ryan S | F42: atlanta | J42: INDIANAPOLIS | K42: kansas city | O42: JACKSONVILLE | R42: baltimore | V42: Miami | W42: Arizona | X42: Washington | Y42: DEAD | Z42: 0.3125 | AA42: Ryan S | AB42: =IFERROR(B42/16,0) | AD42: =MAX($B$7:$B$141)-B42
A43: =_xlfn.IFNA(IF(AD43=0,$AD$46,""),"") | B43: =SUM(V43:X43)+C43 | C43: =COUNTA(F43:U43) | D43: =_xlfn.RANK.EQ(B43,$B$10:$B$44,0) | E43: Brick_Hauss | F43: atlanta | I43: DETROIT | O43: JACKSONVILLE | Q43: minnesota | R43: baltimore | V43: Washington | W43: New York Jets | X43: Pittsburgh | Y43: DEAD | Z43: 0.3125 | AA43: Brick_Hauss | AB43: =IFERROR(B43/16,0) | AD43: =MAX($B$7:$B$141)-B43
A44: =_xlfn.IFNA(IF(AD44=0,$AD$46,""),"") | B44: =SUM(V44:X44)+C44 | C44: =COUNTA(F44:U44) | D44: =_xlfn.RANK.EQ(B44,$B$10:$B$44,0) | E44: Kit | F44: atlanta | G44: BUFFALO | H44: CLEVELAND | I44: DETROIT | K44: kansas city | O44: JACKSONVILLE | P44: Arizona | R44: baltimore | S44: las vegas | T44: DENVER | U44: CHICAGO | V44: Miami | W44: Arizona | X44: Arizona | Y44: DEAD | Z44: 0.4375 | AA44: Kit | AB44: =IFERROR(B44/16,0) | AD44: =MAX($B$7:$B$141)-B44
AD45: =COUNTIF(AD10:AD44,0)
AD46: =SUM(AD10:AD44)/AD45

Sheet Week 4
A1: 🏈 WEEK 3 — ACQL
A4: Home Team | F4: Cleveland | G4: Washington | H4: Buffalo | I4: Chicago | J4: Cincinnati | K4: New York Giants | L4: Philadelphia | M4: Tampa Bay | N4: Baltimore | O4: Houston | P4: Minnesota | Q4: Las Vegas | R4: San Francisco | S4: Seattle | T4: Carolina | U4: New Orleans
A5: Away Team | F5: Pittsburgh | G5: Indianapolis | H5: New England | I5: New York Jets | J5: Jacksonville | K5: Arizona | L5: Los Angeles Rams | M5: Green Bay | N5: Tennessee | O5: Dallas | P5: Miami | Q5: Kansas City | R5: Denver | S5: Los Angeles Chargers | T5: Detroit | U5: Atlanta
A6: Result / Winner → | F6: Cleveland | G6: Indianapolis | H6: New England | I6: Chicago | J6: Jacksonville | K6: New York Giants | L6: Los Angeles Rams | M6: Green Bay | N6: Tennessee | O6: Dallas | P6: Miami | Q6: Kansas City | R6: San Francisco | S6: Los Angeles Chargers | T6: Carolina | U6: Atlanta
A7: Picked Home % | F7: =IFERROR(COUNTIF(F10:F44, F$4)/COUNTA(B10:B44),0) | G7: =IFERROR(COUNTIF(G10:G44, G$4)/COUNTA(C10:C44),0) | H7: =IFERROR(COUNTIF(H10:H44, H$4)/COUNTA(D10:D44),0) | I7: =IFERROR(COUNTIF(I10:I44, I$4)/COUNTA(E10:E44),0) | J7: =IFERROR(COUNTIF(J10:J44, J$4)/COUNTA(F10:F44),0) | K7: =IFERROR(COUNTIF(K10:K44, K$4)/COUNTA(G10:G44),0) | L7: =IFERROR(COUNTIF(L10:L44, L$4)/COUNTA(H10:H44),0) | M7: =IFERROR(COUNTIF(M10:M44, M$4)/COUNTA(I10:I44),0) | ... U7: =IFERROR(COUNTIF(U10:U44, U$4)/COUNTA(Q10:Q44),0)
H8: (Buf by 7) | N8: (Bal by 12) | P8: (Min by 12) | S8: (Sea by 8)
A9: Entry Fee | B9: Wins | C9: Wins | D9: Rank | E9: Player | F9: G1 | G9: G2 | H9: G3 | I9: G4 | J9: G5 | K9: G6 | L9: G7 | M9: G8 | N9: G9 | O9: G10 | P9: G11 | Q9: G12 | R9: G13 | S9: G14 | T9: G15 | U9: G16 | V9: Loser 1 | W9: Loser 2 | X9: Loser 3 | Y9: Suicide | Z9: Home Team % | AA9: $ Owed | AB9: Games Behind | AC9: Win %
A10: =IF(AD10=0,$AD$46, " ") | B10: =SUM(V10:X10)+C10 | C10: =COUNTA(F10:U10) | D10: =_xlfn.RANK.EQ(B10,$B$10:$B$44,0) | E10: Line-Pony | G10: indianapolis | H10: new england | I10: CHICAGO | L10: los angeles rams | M10: green bay | N10: tennessee | P10: miami | Q10: kansas city | R10: SAN FRANCISCO | S10: los angeles chargers | V10: New England | W10: Las Vegas | X10: Tennessee | Y10: DEAD | Z10: =IFERROR(COUNTIF(F10:U10,"W")/COUNTA(F10:U10),0) | AA10: =MAX($B$10:$B$44)-B10 | AB10: =IFERROR(B10/16,0) | AD10: =MAX($B$7:$B$141)-B10
A11: =IF(AD11=0,$AD$46, " ") | B11: =SUM(V11:X11)+C11 | C11: =COUNTA(F11:U11) | D11: =_xlfn.RANK.EQ(B11,$B$10:$B$44,0) | E11: MiMi | F11: CLEVELAND | I11: CHICAGO | J11: jacksonville | K11: NEW YORK GIANTS | M11: green bay | Q11: kansas city | R11: SAN FRANCISCO | V11: Miami | W11: Tennessee | X11: Las Vegas | Y11: Philadelphia | Z11: =IFERROR(COUNTIF(F11:U11,"W")/COUNTA(F11:U11),0) | AA11: =MAX($B$10:$B$44)-B11 | AB11: =IFERROR(B11/16,0) | AD11: =MAX($B$7:$B$141)-B11
A12: =IF(AD12=0,$AD$46, " ") | B12: =SUM(V12:X12)+C12 | C12: =COUNTA(F12:U12) | D12: =_xlfn.RANK.EQ(B12,$B$10:$B$44,0) | E12: Zach N | F12: CLEVELAND | H12: new england | I12: CHICAGO | K12: NEW YORK GIANTS | L12: los angeles rams | M12: green bay | R12: SAN FRANCISCO | V12: Tennessee | W12: Miami | X12: Tampa Bay | Y12: DEAD | Z12: =IFERROR(COUNTIF(F12:U12,"W")/COUNTA(F12:U12),0) | AA12: =MAX($B$10:$B$44)-B12 | AB12: =IFERROR(B12/16,0) | AD12: =MAX($B$7:$B$141)-B12
A13: =IF(AD13=0,$AD$46, " ") | B13: =SUM(V13:X13)+C13 | C13: =COUNTA(F13:U13) | D13: =_xlfn.RANK.EQ(B13,$B$10:$B$44,0) | E13: SaleeNmd | Z13: =IFERROR(COUNTIF(F13:U13,"W")/COUNTA(F13:U13),0) | AA13: =MAX($B$10:$B$44)-B13 | AB13: =IFERROR(B13/16,0) | AD13: =MAX($B$7:$B$141)-B13
A14: =IF(AD14=0,$AD$46, " ") | B14: =SUM(V14:X14)+C14 | C14: =COUNTA(F14:U14) | D14: =_xlfn.RANK.EQ(B14,$B$10:$B$44,0) | E14: FMF Doc | G14: indianapolis | I14: CHICAGO | J14: jacksonville | L14: los angeles rams | M14: green bay | S14: los angeles chargers | V14: Atlanta | W14: Miami | X14: Tennessee | Y14: DEAD | Z14: =IFERROR(COUNTIF(F14:U14,"W")/COUNTA(F14:U14),0) | AA14: =MAX($B$10:$B$44)-B14 | AB14: =IFERROR(B14/16,0) | AD14: =MAX($B$7:$B$141)-B14
A15: =IF(AD15=0,$AD$46, " ") | B15: =SUM(V15:X15)+C15 | C15: =COUNTA(F15:U15) | D15: =_xlfn.RANK.EQ(B15,$B$10:$B$44,0) | E15: Phelps Phamily | I15: CHICAGO | J15: jacksonville | L15: los angeles rams | M15: green bay | Q15: kansas city | R15: SAN FRANCISCO | U15: atlanta | V15: Tennessee | W15: Miami | X15: New England | Y15: DEAD | Z15: =IFERROR(COUNTIF(F15:U15,"W")/COUNTA(F15:U15),0) | AA15: =MAX($B$10:$B$44)-B15 | AB15: =IFERROR(B15/16,0) | AD15: =MAX($B$7:$B$141)-B15
A16: =IF(AD16=0,$AD$46, " ") | B16: =SUM(V16:X16)+C16 | C16: =COUNTA(F16:U16) | D16: =_xlfn.RANK.EQ(B16,$B$10:$B$44,0) | E16: Phelpy | G16: indianapolis | I16: CHICAGO | L16: los angeles rams | M16: green bay | N16: tennessee | Q16: kansas city | R16: SAN FRANCISCO | S16: los angeles chargers | V16: Tennessee | W16: Miami | X16: New England | Y16: DEAD | Z16: =IFERROR(COUNTIF(F16:U16,"W")/COUNTA(F16:U16),0) | AA16: =MAX($B$10:$B$44)-B16 | AB16: =IFERROR(B16/16,0) | AD16: =MAX($B$7:$B$141)-B16
A17: =IF(AD17=0,$AD$46, " ") | B17: =SUM(V17:X17)+C17 | C17: =COUNTA(F17:U17) | D17: =_xlfn.RANK.EQ(B17,$B$10:$B$44,0) | E17: Frankethetank | F17: CLEVELAND | G17: indianapolis | H17: new england | I17: CHICAGO | L17: los angeles rams | M17: green bay | O17: dallas | P17: miami | R17: SAN FRANCISCO | V17: New York Giants | W17: Miami | X17: Denver | Y17: San Francisco | Z17: =IFERROR(COUNTIF(F17:U17,"W")/COUNTA(F17:U17),0) | AA17: =MAX($B$10:$B$44)-B17 | AB17: =IFERROR(B17/16,0) | AD17: =MAX($B$7:$B$141)-B17
A18: =IF(AD18=0,$AD$46, " ") | B18: =SUM(V18:X18)+C18 | C18: =COUNTA(F18:U18) | D18: =_xlfn.RANK.EQ(B18,$B$10:$B$44,0) | E18: DPSOG | F18: CLEVELAND | G18: indianapolis | H18: new england | I18: CHICAGO | L18: los angeles rams | N18: tennessee | P18: miami | Q18: kansas city | R18: SAN FRANCISCO | S18: los angeles chargers | V18: Miami | W18: Tennessee | X18: Los Angeles Chargers | Y18: DEAD | Z18: =IFERROR(COUNTIF(F18:U18,"W")/COUNTA(F18:U18),0) | AA18: =MAX($B$10:$B$44)-B18 | AB18: =IFERROR(B18/16,0) | AD18: =MAX($B$7:$B$141)-B18
A19: =IF(AD19=0,$AD$46, " ") | B19: =SUM(V19:X19)+C19 | C19: =COUNTA(F19:U19) | D19: =_xlfn.RANK.EQ(B19,$B$10:$B$44,0) | E19: Waffle Hauss | F19: CLEVELAND | I19: CHICAGO | L19: los angeles rams | O19: dallas | P19: miami | Q19: kansas city | R19: SAN FRANCISCO | S19: los angeles chargers | V19: Tennessee | W19: New England | X19: Houston | Y19: DEAD | Z19: =IFERROR(COUNTIF(F19:U19,"W")/COUNTA(F19:U19),0) | AA19: =MAX($B$10:$B$44)-B19 | AB19: =IFERROR(B19/16,0) | AD19: =MAX($B$7:$B$141)-B19
A20: =IF(AD20=0,$AD$46, " ") | B20: =SUM(V20:X20)+C20 | C20: =COUNTA(F20:U20) | D20: =_xlfn.RANK.EQ(B20,$B$10:$B$44,0) | E20: Stan | G20: indianapolis | H20: new england | I20: CHICAGO | K20: NEW YORK GIANTS | M20: green bay | N20: tennessee | Q20: kansas city | R20: SAN FRANCISCO | U20: atlanta | V20: Miami | W20: Cleveland | X20: Los Angeles Chargers | Y20: DEAD | Z20: =IFERROR(COUNTIF(F20:U20,"W")/COUNTA(F20:U20),0) | AA20: =MAX($B$10:$B$44)-B20 | AB20: =IFERROR(B20/16,0) | AD20: =MAX($B$7:$B$141)-B20
A21: =IF(AD21=0,$AD$46, " ") | B21: =SUM(V21:X21)+C21 | C21: =COUNTA(F21:U21) | D21: =_xlfn.RANK.EQ(B21,$B$10:$B$44,0) | E21: Sista Sledge | I21: CHICAGO | K21: NEW YORK GIANTS | L21: los angeles rams | O21: dallas | P21: miami | Q21: kansas city | R21: SAN FRANCISCO | S21: los angeles chargers | V21: New England | W21: Tennessee | X21: New York Jets | Y21: DEAD | Z21: =IFERROR(COUNTIF(F21:U21,"W")/COUNTA(F21:U21),0) | AA21: =MAX($B$10:$B$44)-B21 | AB21: =IFERROR(B21/16,0) | AD21: =MAX($B$7:$B$141)-B21
A22: =IF(AD22=0,$AD$46, " ") | B22: =SUM(V22:X22)+C22 | C22: =COUNTA(F22:U22) | D22: =_xlfn.RANK.EQ(B22,$B$10:$B$44,0) | E22: Gr8granpa | K22: NEW YORK GIANTS | Q22: kansas city | R22: SAN FRANCISCO | T22: CAROLINA | U22: atlanta | V22: Miami | W22: Tennessee | X22: Los Angeles Chargers | Y22: Carolina | Z22: =IFERROR(COUNTIF(F22:U22,"W")/COUNTA(F22:U22),0) | AA22: =MAX($B$10:$B$44)-B22 | AB22: =IFERROR(B22/16,0) | AD22: =MAX($B$7:$B$141)-B22
A23: =IF(AD23=0,$AD$46, " ") | B23: =SUM(V23:X23)+C23 | C23: =COUNTA(F23:U23) | D23: =_xlfn.RANK.EQ(B23,$B$10:$B$44,0) | E23: Debe | I23: CHICAGO | K23: NEW YORK GIANTS | M23: green bay | O23: dallas | P23: miami | R23: SAN FRANCISCO | V23: Cleveland | W23: New York Jets | X23: Tampa Bay | Y23: Pittsburgh | Z23: =IFERROR(COUNTIF(F23:U23,"W")/COUNTA(F23:U23),0) | AA23: =MAX($B$10:$B$44)-B23 | AB23: =IFERROR(B23/16,0) | AD23: =MAX($B$7:$B$141)-B23
A24: =IF(AD24=0,$AD$46, " ") | B24: =SUM(V24:X24)+C24 | C24: =COUNTA(F24:U24) | D24: =_xlfn.RANK.EQ(B24,$B$10:$B$44,0) | E24: tb | F24: CLEVELAND | I24: CHICAGO | L24: los angeles rams | N24: tennessee | O24: dallas | P24: miami | Q24: kansas city | R24: SAN FRANCISCO | S24: los angeles chargers | V24: New England | W24: Miami | X24: Tennessee | Y24: DEAD | Z24: =IFERROR(COUNTIF(F24:U24,"W")/COUNTA(F24:U24),0) | AA24: =MAX($B$10:$B$44)-B24 | AB24: =IFERROR(B24/16,0) | AD24: =MAX($B$7:$B$141)-B24
A25: =IF(AD25=0,$AD$46, " ") | B25: =SUM(V25:X25)+C25 | C25: =COUNTA(F25:U25) | D25: =_xlfn.RANK.EQ(B25,$B$10:$B$44,0) | E25: Katie A | G25: indianapolis | I25: CHICAGO | K25: NEW YORK GIANTS | M25: green bay | O25: dallas | Q25: kansas city | R25: SAN FRANCISCO | U25: atlanta | V25: New England | W25: Tennessee | X25: Miami | Y25: DEAD | Z25: =IFERROR(COUNTIF(F25:U25,"W")/COUNTA(F25:U25),0) | AA25: =MAX($B$10:$B$44)-B25 | AB25: =IFERROR(B25/16,0) | AD25: =MAX($B$7:$B$141)-B25
A26: =IF(AD26=0,$AD$46, " ") | B26: =SUM(V26:X26)+C26 | C26: =COUNTA(F26:U26) | D26: =_xlfn.RANK.EQ(B26,$B$10:$B$44,0) | E26: Navygolfer | I26: CHICAGO | L26: los angeles rams | M26: green bay | Q26: kansas city | R26: SAN FRANCISCO | V26: Tennessee | W26: New England | X26: Miami | Y26: DEAD | Z26: =IFERROR(COUNTIF(F26:U26,"W")/COUNTA(F26:U26),0) | AA26: =MAX($B$10:$B$44)-B26 | AB26: =IFERROR(B26/16,0) | AD26: =MAX($B$7:$B$141)-B26
A27: =IF(AD27=0,$AD$46, " ") | B27: =SUM(V27:X27)+C27 | C27: =COUNTA(F27:U27) | D27: =_xlfn.RANK.EQ(B27,$B$10:$B$44,0) | E27: Jim T | I27: CHICAGO | K27: NEW YORK GIANTS | L27: los angeles rams | O27: dallas | P27: miami | R27: SAN FRANCISCO | S27: los angeles chargers | U27: atlanta | V27: Miami | W27: Arizona | X27: Tennessee | Y27: DEAD | Z27: =IFERROR(COUNTIF(F27:U27,"W")/COUNTA(F27:U27),0) | AA27: =MAX($B$10:$B$44)-B27 | AB27: =IFERROR(B27/16,0) | AD27: =MAX($B$7:$B$141)-B27
A28: =IF(AD28=0,$AD$46, " ") | B28: =SUM(V28:X28)+C28 | C28: =COUNTA(F28:U28) | D28: =_xlfn.RANK.EQ(B28,$B$10:$B$44,0) | E28: Vonasek Family | G28: indianapolis | I28: CHICAGO | L28: los angeles rams | M28: green bay | Q28: kansas city | R28: SAN FRANCISCO | V28: Tennessee | W28: Miami | X28: Tampa Bay | Y28: DEAD | Z28: =IFERROR(COUNTIF(F28:U28,"W")/COUNTA(F28:U28),0) | AA28: =MAX($B$10:$B$44)-B28 | AB28: =IFERROR(B28/16,0) | AD28: =MAX($B$7:$B$141)-B28
A29: =IF(AD29=0,$AD$46, " ") | B29: =SUM(V29:X29)+C29 | C29: =COUNTA(F29:U29) | D29: =_xlfn.RANK.EQ(B29,$B$10:$B$44,0) | E29: The Dark Side | G29: indianapolis | I29: CHICAGO | J29: jacksonville | L29: los angeles rams | M29: green bay | N29: tennessee | Q29: kansas city | R29: SAN FRANCISCO | S29: los angeles chargers | V29: Miami | W29: Las Vegas | X29: Carolina | Y29: DEAD | Z29: =IFERROR(COUNTIF(F29:U29,"W")/COUNTA(F29:U29),0) | AA29: =MAX($B$10:$B$44)-B29 | AB29: =IFERROR(B29/16,0) | AD29: =MAX($B$7:$B$141)-B29
A30: =IF(AD30=0,$AD$46, " ") | B30: =SUM(V30:X30)+C30 | C30: =COUNTA(F30:U30) | D30: =_xlfn.RANK.EQ(B30,$B$10:$B$44,0) | E30: Regltr5 | F30: CLEVELAND | G30: indianapolis | K30: NEW YORK GIANTS | L30: los angeles rams | M30: green bay | O30: dallas | Q30: kansas city | R30: SAN FRANCISCO | U30: atlanta | V30: Tennessee | W30: Miami | X30: New England | Y30: DEAD | Z30: =IFERROR(COUNTIF(F30:U30,"W")/COUNTA(F30:U30),0) | AA30: =MAX($B$10:$B$44)-B30 | AB30: =IFERROR(B30/16,0) | AD30: =MAX($B$7:$B$141)-B30
A31: =IF(AD31=0,$AD$46, " ") | B31: =SUM(V31:X31)+C31 | C31: =COUNTA(F31:U31) | D31: =_xlfn.RANK.EQ(B31,$B$10:$B$44,0) | E31: Bob h | F31: CLEVELAND | I31: CHICAGO | J31: jacksonville | K31: NEW YORK GIANTS | Q31: kansas city | R31: SAN FRANCISCO | T31: CAROLINA | V31: Las Vegas | W31: Tennessee | X31: Arizona | Y31: Atlanta | Z31: =IFERROR(COUNTIF(F31:U31,"W")/COUNTA(F31:U31),0) | AA31: =MAX($B$10:$B$44)-B31 | AB31: =IFERROR(B31/16,0) | AD31: =MAX($B$7:$B$141)-B31
A32: =IF(AD32=0,$AD$46, " ") | B32: =SUM(V32:X32)+C32 | C32: =COUNTA(F32:U32) | D32: =_xlfn.RANK.EQ(B32,$B$10:$B$44,0) | E32: cuetop | F32: CLEVELAND | G32: indianapolis | I32: CHICAGO | M32: green bay | Q32: kansas city | R32: SAN FRANCISCO | U32: atlanta | V32: Miami | W32: New England | X32: Tennessee | Y32: DEAD | Z32: =IFERROR(COUNTIF(F32:U32,"W")/COUNTA(F32:U32),0) | AA32: =MAX($B$10:$B$44)-B32 | AB32: =IFERROR(B32/16,0) | AD32: =MAX($B$7:$B$141)-B32
A33: =IF(AD33=0,$AD$46, " ") | B33: =SUM(V33:X33)+C33 | C33: =COUNTA(F33:U33) | D33: =_xlfn.RANK.EQ(B33,$B$10:$B$44,0) | E33: Samsaunt | G33: indianapolis | I33: CHICAGO | L33: los angeles rams | M33: green bay | N33: tennessee | O33: dallas | Q33: kansas city | R33: SAN FRANCISCO | S33: los angeles chargers | V33: Tennessee | W33: Los Angeles Chargers | X33: New York Jets | Y33: DEAD | Z33: =IFERROR(COUNTIF(F33:U33,"W")/COUNTA(F33:U33),0) | AA33: =MAX($B$10:$B$44)-B33 | AB33: =IFERROR(B33/16,0) | AD33: =MAX($B$7:$B$141)-B33
A34: =IF(AD34=0,$AD$46, " ") | B34: =SUM(V34:X34)+C34 | C34: =COUNTA(F34:U34) | D34: =_xlfn.RANK.EQ(B34,$B$10:$B$44,0) | E34: Ian | G34: indianapolis | J34: jacksonville | K34: NEW YORK GIANTS | M34: green bay | O34: dallas | V34: Tennessee | W34: New England | X34: Atlanta | Y34: DEAD | Z34: =IFERROR(COUNTIF(F34:U34,"W")/COUNTA(F34:U34),0) | AA34: =MAX($B$10:$B$44)-B34 | AB34: =IFERROR(B34/16,0) | AD34: =MAX($B$7:$B$141)-B34
A35: =IF(AD35=0,$AD$46, " ") | B35: =SUM(V35:X35)+C35 | C35: =COUNTA(F35:U35) | D35: =_xlfn.RANK.EQ(B35,$B$10:$B$44,0) | E35: Kit | F35: CLEVELAND | G35: indianapolis | I35: CHICAGO | M35: green bay | Q35: kansas city | R35: SAN FRANCISCO | V35: Miami | W35: Tennessee | X35: Detroit | Y35: DEAD | Z35: =IFERROR(COUNTIF(F35:U35,"W")/COUNTA(F35:U35),0) | AA35: =MAX($B$10:$B$44)-B35 | AB35: =IFERROR(B35/16,0) | AD35: =MAX($B$7:$B$141)-B35
A36: =IF(AD36=0,$AD$46, " ") | B36: =SUM(V36:X36)+C36 | C36: =COUNTA(F36:U36) | D36: =_xlfn.RANK.EQ(B36,$B$10:$B$44,0) | E36: meatloaf | F36: CLEVELAND | G36: indianapolis | I36: CHICAGO | K36: NEW YORK GIANTS | L36: los angeles rams | M36: green bay | N36: tennessee | Q36: kansas city | R36: SAN FRANCISCO | S36: los angeles chargers | V36: New England | W36: Las Vegas | X36: Tampa Bay | Y36: DEAD | Z36: =IFERROR(COUNTIF(F36:U36,"W")/COUNTA(F36:U36),0) | AA36: =MAX($B$10:$B$44)-B36 | AB36: =IFERROR(B36/16,0) | AD36: =MAX($B$7:$B$141)-B36
A37: =IF(AD37=0,$AD$46, " ") | B37: =SUM(V37:X37)+C37 | C37: =COUNTA(F37:U37) | D37: =_xlfn.RANK.EQ(B37,$B$10:$B$44,0) | E37: CraneGuy936 | G37: indianapolis | I37: CHICAGO | L37: los angeles rams | M37: green bay | O37: dallas | Q37: kansas city | R37: SAN FRANCISCO | V37: New England | W37: Miami | X37: Tennessee | Y37: DEAD | Z37: =IFERROR(COUNTIF(F37:U37,"W")/COUNTA(F37:U37),0) | AA37: =MAX($B$10:$B$44)-B37 | AB37: =IFERROR(B37/16,0) | AD37: =MAX($B$7:$B$141)-B37
A38: =IF(AD38=0,$AD$46, " ") | B38: =SUM(V38:X38)+C38 | C38: =COUNTA(F38:U38) | D38: =_xlfn.RANK.EQ(B38,$B$10:$B$44,0) | E38: Mrp4real | F38: CLEVELAND | G38: indianapolis | I38: CHICAGO | J38: jacksonville | L38: los angeles rams | M38: green bay | Q38: kansas city | R38: SAN FRANCISCO | V38: New York Jets | W38: Los Angeles Chargers | X38: Jacksonville | Y38: DEAD | Z38: =IFERROR(COUNTIF(F38:U38,"W")/COUNTA(F38:U38),0) | AA38: =MAX($B$10:$B$44)-B38 | AB38: =IFERROR(B38/16,0) | AD38: =MAX($B$7:$B$141)-B38
A39: =IF(AD39=0,$AD$46, " ") | B39: =SUM(V39:X39)+C39 | C39: =COUNTA(F39:U39) | D39: =_xlfn.RANK.EQ(B39,$B$10:$B$44,0) | E39: Ddupuy | G39: indianapolis | I39: CHICAGO | J39: jacksonville | P39: miami | Q39: kansas city | R39: SAN FRANCISCO | U39: atlanta | V39: Tennessee | W39: 1 | X39: New England | Y39: DEAD | Z39: =IFERROR(COUNTIF(F39:U39,"W")/COUNTA(F39:U39),0) | AA39: =MAX($B$10:$B$44)-B39 | AB39: =IFERROR(B39/16,0) | AD39: =MAX($B$7:$B$141)-B39
A40: =IF(AD40=0,$AD$46, " ") | B40: =SUM(V40:X40)+C40 | C40: =COUNTA(F40:U40) | D40: =_xlfn.RANK.EQ(B40,$B$10:$B$44,0) | E40: Rusted Ox | I40: CHICAGO | K40: NEW YORK GIANTS | O40: dallas | Q40: kansas city | R40: SAN FRANCISCO | S40: los angeles chargers | V40: Tennessee | W40: Miami | X40: New England | Y40: DEAD | Z40: =IFERROR(COUNTIF(F40:U40,"W")/COUNTA(F40:U40),0) | AA40: =MAX($B$10:$B$44)-B40 | AB40: =IFERROR(B40/16,0) | AD40: =MAX($B$7:$B$141)-B40
A41: =IF(AD41=0,$AD$46, " ") | B41: =SUM(V41:X41)+C41 | C41: =COUNTA(F41:U41) | D41: =_xlfn.RANK.EQ(B41,$B$10:$B$44,0) | E41: MayeDay! MayeDay! | F41: CLEVELAND | G41: indianapolis | H41: new england | J41: jacksonville | K41: NEW YORK GIANTS | Q41: kansas city | R41: SAN FRANCISCO | S41: los angeles chargers | V41: Tennessee | W41: Miami | X41: Carolina | Y41: DEAD | Z41: =IFERROR(COUNTIF(F41:U41,"W")/COUNTA(F41:U41),0) | AA41: =MAX($B$10:$B$44)-B41 | AB41: =IFERROR(B41/16,0) | AD41: =MAX($B$7:$B$141)-B41
A42: =IF(AD42=0,$AD$46, " ") | B42: =SUM(V42:X42)+C42 | C42: =COUNTA(F42:U42) | D42: =_xlfn.RANK.EQ(B42,$B$10:$B$44,0) | E42: TheDogfather | G42: indianapolis | I42: CHICAGO | J42: jacksonville | L42: los angeles rams | M42: green bay | O42: dallas | Q42: kansas city | R42: SAN FRANCISCO | V42: Las Vegas | W42: Tennessee | X42: Miami | Y42: DEAD | Z42: =IFERROR(COUNTIF(F42:U42,"W")/COUNTA(F42:U42),0) | AA42: =MAX($B$10:$B$44)-B42 | AB42: =IFERROR(B42/16,0) | AD42: =MAX($B$7:$B$141)-B42
A43: =IF(AD43=0,$AD$46, " ") | B43: =SUM(V43:X43)+C43 | C43: =COUNTA(F43:U43) | D43: =_xlfn.RANK.EQ(B43,$B$10:$B$44,0) | E43: Ryan S | H43: new england | I43: CHICAGO | J43: jacksonville | L43: los angeles rams | M43: green bay | O43: dallas | Q43: kansas city | R43: SAN FRANCISCO | S43: los angeles chargers | V43: Tennessee | W43: Miami | X43: Tampa Bay | Y43: DEAD | Z43: =IFERROR(COUNTIF(F43:U43,"W")/COUNTA(F43:U43),0) | AA43: =MAX($B$10:$B$44)-B43 | AB43: =IFERROR(B43/16,0) | AD43: =MAX($B$7:$B$141)-B43
A44: =IF(AD44=0,$AD$46, " ") | B44: =SUM(V44:X44)+C44 | C44: =COUNTA(F44:U44) | D44: =_xlfn.RANK.EQ(B44,$B$10:$B$44,0) | E44: Brick_Hauss | I44: CHICAGO | J44: jacksonville | L44: los angeles rams | P44: miami | Q44: kansas city | R44: SAN FRANCISCO | V44: Tennessee | W44: New England | X44: Carolina | Y44: DEAD | Z44: =IFERROR(COUNTIF(F44:U44,"W")/COUNTA(F44:U44),0) | AA44: =MAX($B$10:$B$44)-B44 | AB44: =IFERROR(B44/16,0) | AD44: =MAX($B$7:$B$141)-B44
AD45: =COUNTIF(AD10:AD44,0)
AD46: =SUM(AD10:AD44)/AD45

Sheet Week 5
A1: 🏈 WEEK 3 — ACQL
A4: Home Team | F4: Dallas | G4: Jacksonville | H4: Green Bay | I4: Tennessee | J4: Miami | K4: New England | L4: New Orleans | M4: New York Jets | N4: Pittsburgh | O4: Washington | P4: Los Angeles Chargers | Q4: Arizona | R4: Seattle | S4: Atlanta | T4: Los Angeles Rams
A5: Away Team | F5: Tampa Bay | G5: Philadelphia | H5: Chicago | I5: Houston | J5: Cincinnati | K5: Las Vegas | L5: Minnesota | M5: Cleveland | N5: Indianapolis | O5: New York Giants | P5: Denver | Q5: Detroit | R5: San Francisco | S5: Baltimore | T5: Buffalo
A6: Result / Winner →
A7: Picked Home % | F7: =IFERROR(COUNTIF(F10:F44, F$4)/COUNTA(B10:B44),0) | G7: =IFERROR(COUNTIF(G10:G44, G$4)/COUNTA(C10:C44),0) | H7: =IFERROR(COUNTIF(H10:H44, H$4)/COUNTA(D10:D44),0) | I7: =IFERROR(COUNTIF(I10:I44, I$4)/COUNTA(E10:E44),0) | J7: =IFERROR(COUNTIF(J10:J44, J$4)/COUNTA(F10:F44),0) | K7: =IFERROR(COUNTIF(K10:K44, K$4)/COUNTA(G10:G44),0) | L7: =IFERROR(COUNTIF(L10:L44, L$4)/COUNTA(H10:H44),0) | M7: =IFERROR(COUNTIF(M10:M44, M$4)/COUNTA(I10:I44),0) | ... U7: =IFERROR(COUNTIF(U10:U44, U$4)/COUNTA(Q10:Q44),0)
F8: Dal by 9 | G8: Jax by 7 | I8: Hou by 7 | J8: Cin by 8
A9: Entry Fee | B9: Wins | C9: Wins | D9: Rank | E9: Player | F9: G1 | G9: G2 | H9: G3 | I9: G4 | J9: G5 | K9: G6 | L9: G7 | M9: G8 | N9: G9 | O9: G10 | P9: G11 | Q9: G12 | R9: G13 | S9: G14 | T9: G15 | U9: G16 | V9: Loser 1 | W9: Loser 2 | X9: Loser 3 | Y9: Suicide | Z9: Home Team % | AA9: $ Owed | AB9: Games Behind | AC9: Win %
A10: =IF(AD10=0,$AD$46, " ") | B10: =SUM(V10:X10)+C10 | C10: =COUNTA(F10:U10) | D10: =_xlfn.RANK.EQ(B10,$B$10:$B$44,0) | E10: Line-Pony | F10: tampa bay | G10: philadelphia | H10: chicago | I10: TENNESSEE | J10: MIAMI | K10: NEW ENGLAND | L10: minnesota | M10: NEW YORK JETS | N10: PITTSBURGH | O10: WASHINGTON | P10: denver | Q10: detroit | R10: SEATTLE | S10: ATLANTA | T10: LOS ANGELES RAMS | U10: Baltimore | V10: Las Vegas | W10: Tampa Bay | X10: DEAD | Z10: =IFERROR(COUNTIF(F10:U10,"W")/COUNTA(F10:U10),0) | AA10: =MAX($B$10:$B$44)-B10 | AB10: =IFERROR(B10/16,0) | AD10: =MAX($B$7:$B$141)-B10
A11: =IF(AD11=0,$AD$46, " ") | B11: =SUM(V11:X11)+C11 | C11: =COUNTA(F11:U11) | D11: =_xlfn.RANK.EQ(B11,$B$10:$B$44,0) | E11: MiMi | F11: tampa bay | G11: JACKSONVILLE | H11: chicago | I11: houston | J11: cincinnati | K11: NEW ENGLAND | L11: minnesota | M11: NEW YORK JETS | N11: PITTSBURGH | O11: WASHINGTON | P11: LOS ANGELES CHARGERS | Q11: detroit | R11: SEATTLE | S11: ATLANTA | T11: LOS ANGELES RAMS | U11: Tennessee | V11: Miami | W11: Philadelphia | X11: DEAD | Z11: =IFERROR(COUNTIF(F11:U11,"W")/COUNTA(F11:U11),0) | AA11: =MAX($B$10:$B$44)-B11 | AB11: =IFERROR(B11/16,0) | AD11: =MAX($B$7:$B$141)-B11
A12: =IF(AD12=0,$AD$46, " ") | B12: =SUM(V12:X12)+C12 | C12: =COUNTA(F12:U12) | D12: =_xlfn.RANK.EQ(B12,$B$10:$B$44,0) | E12: Zach N | F12: DALLAS | G12: JACKSONVILLE | H12: GREEN BAY | I12: TENNESSEE | J12: cincinnati | K12: NEW ENGLAND | L12: NEW ORLEANS | M12: cleveland | N12: PITTSBURGH | O12: WASHINGTON | P12: LOS ANGELES CHARGERS | Q12: detroit | R12: SEATTLE | S12: baltimore | T12: LOS ANGELES RAMS | U12: Miami | V12: Philadelphia | W12: Tampa Bay | X12: DEAD | Z12: =IFERROR(COUNTIF(F12:U12,"W")/COUNTA(F12:U12),0) | AA12: =MAX($B$10:$B$44)-B12 | AB12: =IFERROR(B12/16,0) | AD12: =MAX($B$7:$B$141)-B12
A13: =IF(AD13=0,$AD$46, " ") | B13: =SUM(V13:X13)+C13 | C13: =COUNTA(F13:U13) | D13: =_xlfn.RANK.EQ(B13,$B$10:$B$44,0) | E13: SaleeNmd | F13: tampa bay | G13: philadelphia | H13: chicago | I13: TENNESSEE | J13: MIAMI | K13: NEW ENGLAND | L13: minnesota | M13: NEW YORK JETS | N13: PITTSBURGH | O13: WASHINGTON | P13: denver | Q13: detroit | R13: SEATTLE | S13: ATLANTA | T13: LOS ANGELES RAMS | U13: Tampa Bay | V13: Miami | W13: Philadelphia | X13: DEAD | Z13: =IFERROR(COUNTIF(F13:U13,"W")/COUNTA(F13:U13),0) | AA13: =MAX($B$10:$B$44)-B13 | AB13: =IFERROR(B13/16,0) | AD13: =MAX($B$7:$B$141)-B13
A14: =IF(AD14=0,$AD$46, " ") | B14: =SUM(V14:X14)+C14 | C14: =COUNTA(F14:U14) | D14: =_xlfn.RANK.EQ(B14,$B$10:$B$44,0) | E14: Frankethetank | F14: tampa bay | G14: JACKSONVILLE | H14: chicago | I14: TENNESSEE | J14: cincinnati | K14: las vegas | L14: minnesota | M14: NEW YORK JETS | N14: PITTSBURGH | O14: new york giants | P14: denver | Q14: ARIZONA | R14: san francisco | S14: ATLANTA | T14: LOS ANGELES RAMS | U14: Miami | V14: Green Bay | W14: Arizona | X14: Los Angeles Rams | Z14: =IFERROR(COUNTIF(F14:U14,"W")/COUNTA(F14:U14),0) | AA14: =MAX($B$10:$B$44)-B14 | AB14: =IFERROR(B14/16,0) | AD14: =MAX($B$7:$B$141)-B14
A15: =IF(AD15=0,$AD$46, " ") | B15: =SUM(V15:X15)+C15 | C15: =COUNTA(F15:U15) | D15: =_xlfn.RANK.EQ(B15,$B$10:$B$44,0) | E15: DPSOG | F15: tampa bay | G15: JACKSONVILLE | H15: chicago | I15: TENNESSEE | J15: MIAMI | K15: NEW ENGLAND | L15: NEW ORLEANS | M15: NEW YORK JETS | N15: indianapolis | O15: WASHINGTON | P15: denver | Q15: detroit | R15: SEATTLE | S15: baltimore | T15: LOS ANGELES RAMS | U15: Miami | V15: Tennessee | W15: Los Angeles Chargers | X15: DEAD | Z15: =IFERROR(COUNTIF(F15:U15,"W")/COUNTA(F15:U15),0) | AA15: =MAX($B$10:$B$44)-B15 | AB15: =IFERROR(B15/16,0) | AD15: =MAX($B$7:$B$141)-B15
A16: =IF(AD16=0,$AD$46, " ") | B16: =SUM(V16:X16)+C16 | C16: =COUNTA(F16:U16) | D16: =_xlfn.RANK.EQ(B16,$B$10:$B$44,0) | E16: Phelps Phamily | F16: DALLAS | G16: JACKSONVILLE | H16: chicago | I16: houston | J16: cincinnati | K16: NEW ENGLAND | L16: minnesota | M16: cleveland | N16: PITTSBURGH | O16: WASHINGTON | P16: denver | Q16: detroit | R16: san francisco | S16: ATLANTA | T16: LOS ANGELES RAMS | U16: Miami | V16: Tampa Bay | W16: Tennessee | X16: DEAD | Z16: =IFERROR(COUNTIF(F16:U16,"W")/COUNTA(F16:U16),0) | AA16: =MAX($B$10:$B$44)-B16 | AB16: =IFERROR(B16/16,0) | AD16: =MAX($B$7:$B$141)-B16
A17: =IF(AD17=0,$AD$46, " ") | B17: =SUM(V17:X17)+C17 | C17: =COUNTA(F17:U17) | D17: =_xlfn.RANK.EQ(B17,$B$10:$B$44,0) | E17: Phelpy | F17: DALLAS | G17: philadelphia | H17: chicago | I17: TENNESSEE | J17: MIAMI | K17: NEW ENGLAND | L17: minnesota | M17: NEW YORK JETS | N17: PITTSBURGH | O17: WASHINGTON | P17: LOS ANGELES CHARGERS | Q17: detroit | R17: SEATTLE | S17: baltimore | T17: LOS ANGELES RAMS | U17: Tampa Bay | V17: Las Vegas | W17: Arizona | X17: DEAD | Z17: =IFERROR(COUNTIF(F17:U17,"W")/COUNTA(F17:U17),0) | AA17: =MAX($B$10:$B$44)-B17 | AB17: =IFERROR(B17/16,0) | AD17: =MAX($B$7:$B$141)-B17
A18: =IF(AD18=0,$AD$46, " ") | B18: =SUM(V18:X18)+C18 | C18: =COUNTA(F18:U18) | D18: =_xlfn.RANK.EQ(B18,$B$10:$B$44,0) | E18: Stan | F18: DALLAS | G18: philadelphia | H18: chicago | I18: houston | J18: MIAMI | K18: las vegas | L18: minnesota | M18: cleveland | N18: PITTSBURGH | O18: new york giants | P18: denver | Q18: ARIZONA | R18: SEATTLE | S18: ATLANTA | T18: LOS ANGELES RAMS | U18: Tennessee | V18: Baltimore | W18: Los Angeles Chargers | X18: DEAD | Z18: =IFERROR(COUNTIF(F18:U18,"W")/COUNTA(F18:U18),0) | AA18: =MAX($B$10:$B$44)-B18 | AB18: =IFERROR(B18/16,0) | AD18: =MAX($B$7:$B$141)-B18
A19: =IF(AD19=0,$AD$46, " ") | B19: =SUM(V19:X19)+C19 | C19: =COUNTA(F19:U19) | D19: =_xlfn.RANK.EQ(B19,$B$10:$B$44,0) | E19: FMF Doc | F19: DALLAS | G19: JACKSONVILLE | H19: chicago | I19: houston | J19: MIAMI | K19: las vegas | L19: minnesota | M19: cleveland | N19: PITTSBURGH | O19: WASHINGTON | P19: denver | Q19: detroit | R19: SEATTLE | S19: ATLANTA | T19: LOS ANGELES RAMS | U19: Tampa Bay | V19: Tennessee | W19: Philadelphia | X19: DEAD | Z19: =IFERROR(COUNTIF(F19:U19,"W")/COUNTA(F19:U19),0) | AA19: =MAX($B$10:$B$44)-B19 | AB19: =IFERROR(B19/16,0) | AD19: =MAX($B$7:$B$141)-B19
A20: =IF(AD20=0,$AD$46, " ") | B20: =SUM(V20:X20)+C20 | C20: =COUNTA(F20:U20) | D20: =_xlfn.RANK.EQ(B20,$B$10:$B$44,0) | E20: Waffle Hauss | F20: DALLAS | G20: JACKSONVILLE | H20: GREEN BAY | I20: TENNESSEE | J20: cincinnati | K20: NEW ENGLAND | L20: minnesota | M20: cleveland | N20: PITTSBURGH | O20: WASHINGTON | P20: LOS ANGELES CHARGERS | Q20: detroit | R20: san francisco | S20: ATLANTA | T20: LOS ANGELES RAMS | U20: Miami | V20: Tampa Bay | W20: Philadelphia | X20: DEAD | Z20: =IFERROR(COUNTIF(F20:U20,"W")/COUNTA(F20:U20),0) | AA20: =MAX($B$10:$B$44)-B20 | AB20: =IFERROR(B20/16,0) | AD20: =MAX($B$7:$B$141)-B20
A21: =IF(AD21=0,$AD$46, " ") | B21: =SUM(V21:X21)+C21 | C21: =COUNTA(F21:U21) | D21: =_xlfn.RANK.EQ(B21,$B$10:$B$44,0) | E21: Sista Sledge | F21: DALLAS | G21: philadelphia | H21: chicago | I21: houston | J21: MIAMI | K21: NEW ENGLAND | L21: NEW ORLEANS | M21: cleveland | N21: indianapolis | O21: new york giants | P21: denver | Q21: detroit | R21: SEATTLE | S21: ATLANTA | T21: LOS ANGELES RAMS | U21: Tampa Bay | V21: Tennessee | W21: Washington | X21: DEAD | Z21: =IFERROR(COUNTIF(F21:U21,"W")/COUNTA(F21:U21),0) | AA21: =MAX($B$10:$B$44)-B21 | AB21: =IFERROR(B21/16,0) | AD21: =MAX($B$7:$B$141)-B21
... A44: =IF(AD44=0,$AD$46, " ") | B44: =SUM(V44:X44)+C44 | C44: =COUNTA(F44:U44) | D44: =_xlfn.RANK.EQ(B44,$B$10:$B$44,0) | E44: Brick_Hauss | F44: DALLAS | G44: philadelphia | H44: chicago | I44: TENNESSEE | J44: cincinnati | K44: las vegas | L44: minnesota | M44: cleveland | N44: indianapolis | O44: new york giants | P44: denver | Q44: ARIZONA | R44: SEATTLE | S44: baltimore | T44: buffalo | U44: Miami | V44: Tampa Bay | W44: Green Bay | X44: DEAD | Z44: =IFERROR(COUNTIF(F44:U44,"W")/COUNTA(F44:U44),0) | AA44: =MAX($B$10:$B$44)-B44 | AB44: =IFERROR(B44/16,0) | AD44: =MAX($B$7:$B$141)-B44
AD45: =COUNTIF(AD10:AD44,0)
AD46: =SUM(AD10:AD44)/AD45

Sheet Week 6
A1: 🏈 WEEK 3 — ACQL
A4: Home Team
A5: Away Team
A6: Result / Winner →
A7: Picked Home % | F7: =IFERROR(COUNTIF(F10:F44, F$4)/COUNTA(B10:B44),0) | G7: =IFERROR(COUNTIF(G10:G44, G$4)/COUNTA(C10:C44),0) | H7: =IFERROR(COUNTIF(H10:H44, H$4)/COUNTA(D10:D44),0) | I7: =IFERROR(COUNTIF(I10:I44, I$4)/COUNTA(E10:E44),0) | J7: =IFERROR(COUNTIF(J10:J44, J$4)/COUNTA(F10:F44),0) | K7: =IFERROR(COUNTIF(K10:K44, K$4)/COUNTA(G10:G44),0) | L7: =IFERROR(COUNTIF(L10:L44, L$4)/COUNTA(H10:H44),0) | M7: =IFERROR(COUNTIF(M10:M44, M$4)/COUNTA(I10:I44),0) | ... U7: =IFERROR(COUNTIF(U10:U44, U$4)/COUNTA(Q10:Q44),0)
A9: Entry Fee | B9: Wins | C9: Wins | D9: Rank | E9: Player | F9: G1 | G9: G2 | H9: G3 | I9: G4 | J9: G5 | K9: G6 | L9: G7 | M9: G8 | N9: G9 | O9: G10 | P9: G11 | Q9: G12 | R9: G13 | S9: G14 | T9: G15 | U9: G16 | V9: Loser 1 | W9: Loser 2 | X9: Loser 3 | Y9: Suicide | Z9: Home Team % | AA9: $ Owed | AB9: Games Behind | AC9: Win %
A10: =IF(AD10=0,$AD$46, " ") | B10: =SUM(V10:X10)+C10 | C10: =COUNTA(F10:U10) | D10: =_xlfn.RANK.EQ(B10,$B$10:$B$44,0) | Z10: =IFERROR(COUNTIF(F10:U10,"W")/COUNTA(F10:U10),0) | AA10: =MAX($B$10:$B$44)-B10 | AB10: =IFERROR(B10/16,0) | AD10: =MAX($B$7:$B$141)-B10
A11: =IF(AD11=0,$AD$46, " ") | B11: =SUM(V11:X11)+C11 | C11: =COUNTA(F11:U11) | D11: =_xlfn.RANK.EQ(B11,$B$10:$B$44,0) | Z11: =IFERROR(COUNTIF(F11:U11,"W")/COUNTA(F11:U11),0) | AA11: =MAX($B$10:$B$44)-B11 | AB11: =IFERROR(B11/16,0) | AD11: =MAX($B$7:$B$141)-B11
A12: =IF(AD12=0,$AD$46, " ") | B12: =SUM(V12:X12)+C12 | C12: =COUNTA(F12:U12) | D12: =_xlfn.RANK.EQ(B12,$B$10:$B$44,0) | Z12: =IFERROR(COUNTIF(F12:U12,"W")/COUNTA(F12:U12),0) | AA12: =MAX($B$10:$B$44)-B12 | AB12: =IFERROR(B12/16,0) | AD12: =MAX($B$7:$B$141)-B12
A13: =IF(AD13=0,$AD$46, " ") | B13: =SUM(V13:X13)+C13 | C13: =COUNTA(F13:U13) | D13: =_xlfn.RANK.EQ(B13,$B$10:$B$44,0) | Z13: =IFERROR(COUNTIF(F13:U13,"W")/COUNTA(F13:U13),0) | AA13: =MAX($B$10:$B$44)-B13 | AB13: =IFERROR(B13/16,0) | AD13: =MAX($B$7:$B$141)-B13
A14: =IF(AD14=0,$AD$46, " ") | B14: =SUM(V14:X14)+C14 | C14: =COUNTA(F14:U14) | D14: =_xlfn.RANK.EQ(B14,$B$10:$B$44,0) | Z14: =IFERROR(COUNTIF(F14:U14,"W")/COUNTA(F14:U14),0) | AA14: =MAX($B$10:$B$44)-B14 | AB14: =IFERROR(B14/16,0) | AD14: =MAX($B$7:$B$141)-B14
A15: =IF(AD15=0,$AD$46, " ") | B15: =SUM(V15:X15)+C15 | C15: =COUNTA(F15:U15) | D15: =_xlfn.RANK.EQ(B15,$B$10:$B$44,0) | Z15: =IFERROR(COUNTIF(F15:U15,"W")/COUNTA(F15:U15),0) | AA15: =MAX($B$10:$B$44)-B15 | AB15: =IFERROR(B15/16,0) | AD15: =MAX($B$7:$B$141)-B15
A16: =IF(AD16=0,$AD$46, " ") | B16: =SUM(V16:X16)+C16 | C16: =COUNTA(F16:U16) | D16: =_xlfn.RANK.EQ(B16,$B$10:$B$44,0) | Z16: =IFERROR(COUNTIF(F16:U16,"W")/COUNTA(F16:U16),0) | AA16: =MAX($B$10:$B$44)-B16 | AB16: =IFERROR(B16/16,0) | AD16: =MAX($B$7:$B$141)-B16
A17: =IF(AD17=0,$AD$46, " ") | B17: =SUM(V17:X17)+C17 | C17: =COUNTA(F17:U17) | D17: =_xlfn.RANK.EQ(B17,$B$10:$B$44,0) | Z17: =IFERROR(COUNTIF(F17:U17,"W")/COUNTA(F17:U17),0) | AA17: =MAX($B$10:$B$44)-B17 | AB17: =IFERROR(B17/16,0) | AD17: =MAX($B$7:$B$141)-B17
A18: =IF(AD18=0,$AD$46, " ") | B18: =SUM(V18:X18)+C18 | C18: =COUNTA(F18:U18) | D18: =_xlfn.RANK.EQ(B18,$B$10:$B$44,0) | Z18: =IFERROR(COUNTIF(F18:U18,"W")/COUNTA(F18:U18),0) | AA18: =MAX($B$10:$B$44)-B18 | AB18: =IFERROR(B18/16,0) | AD18: =MAX($B$7:$B$141)-B18
A19: =IF(AD19=0,$AD$46, " ") | B19: =SUM(V19:X19)+C19 | C19: =COUNTA(F19:U19) | D19: =_xlfn.RANK.EQ(B19,$B$10:$B$44,0) | Z19: =IFERROR(COUNTIF(F19:U19,"W")/COUNTA(F19:U19),0) | AA19: =MAX($B$10:$B$44)-B19 | AB19: =IFERROR(B19/16,0) | AD19: =MAX($B$7:$B$141)-B19
A20: =IF(AD20=0,$AD$46, " ") | B20: =SUM(V20:X20)+C20 | C20: =COUNTA(F20:U20) | D20: =_xlfn.RANK.EQ(B20,$B$10:$B$44,0) | Z20: =IFERROR(COUNTIF(F20:U20,"W")/COUNTA(F20:U20),0) | AA20: =MAX($B$10:$B$44)-B20 | AB20: =IFERROR(B20/16,0) | AD20: =MAX($B$7:$B$141)-B20
A21: =IF(AD21=0,$AD$46, " ") | B21: =SUM(V21:X21)+C21 | C21: =COUNTA(F21:U21) | D21: =_xlfn.RANK.EQ(B21,$B$10:$B$44,0) | Z21: =IFERROR(COUNTIF(F21:U21,"W")/COUNTA(F21:U21),0) | AA21: =MAX($B$10:$B$44)-B21 | AB21: =IFERROR(B21/16,0) | AD21: =MAX($B$7:$B$141)-B21
... A44: =IF(AD44=0,$AD$46, " ") | B44: =SUM(V44:X44)+C44 | C44: =COUNTA(F44:U44) | D44: =_xlfn.RANK.EQ(B44,$B$10:$B$44,0) | Z44: =IFERROR(COUNTIF(F44:U44,"W")/COUNTA(F44:U44),0) | AA44: =MAX($B$10:$B$44)-B44 | AB44: =IFERROR(B44/16,0) | AD44: =MAX($B$7:$B$141)-B44
AD45: =COUNTIF(AD10:AD44,0)
AD46: =SUM(AD10:AD44)/AD45

Sheet Week 7
A1: 🏈 WEEK 3 — ACQL
A4: Home Team
A5: Away Team
A6: Result / Winner →
A7: Picked Home % | F7: =IFERROR(COUNTIF(F10:F44, F$4)/COUNTA(B10:B44),0) | G7: =IFERROR(COUNTIF(G10:G44, G$4)/COUNTA(C10:C44),0) | H7: =IFERROR(COUNTIF(H10:H44, H$4)/COUNTA(D10:D44),0) | I7: =IFERROR(COUNTIF(I10:I44, I$4)/COUNTA(E10:E44),0) | J7: =IFERROR(COUNTIF(J10:J44, J$4)/COUNTA(F10:F44),0) | K7: =IFERROR(COUNTIF(K10:K44, K$4)/COUNTA(G10:G44),0) | L7: =IFERROR(COUNTIF(L10:L44, L$4)/COUNTA(H10:H44),0) | M7: =IFERROR(COUNTIF(M10:M44, M$4)/COUNTA(I10:I44),0) | ... U7: =IFERROR(COUNTIF(U10:U44, U$4)/COUNTA(Q10:Q44),0)
A9: Entry Fee | B9: Wins | C9: Wins | D9: Rank | E9: Player | F9: G1 | G9: G2 | H9: G3 | I9: G4 | J9: G5 | K9: G6 | L9: G7 | M9: G8 | N9: G9 | O9: G10 | P9: G11 | Q9: G12 | R9: G13 | S9: G14 | T9: G15 | U9: G16 | V9: Loser 1 | W9: Loser 2 | X9: Loser 3 | Y9: Suicide | Z9: Home Team % | AA9: $ Owed | AB9: Games Behind | AC9: Win %
A10: =IF(AD10=0,$AD$46, " ") | B10: =SUM(V10:X10)+C10 | C10: =COUNTA(F10:U10) | D10: =_xlfn.RANK.EQ(B10,$B$10:$B$44,0) | Z10: =IFERROR(COUNTIF(F10:U10,"W")/COUNTA(F10:U10),0) | AA10: =MAX($B$10:$B$44)-B10 | AB10: =IFERROR(B10/16,0) | AD10: =MAX($B$7:$B$141)-B10
A11: =IF(AD11=0,$AD$46, " ") | B11: =SUM(V11:X11)+C11 | C11: =COUNTA(F11:U11) | D11: =_xlfn.RANK.EQ(B11,$B$10:$B$44,0) | Z11: =IFERROR(COUNTIF(F11:U11,"W")/COUNTA(F11:U11),0) | AA11: =MAX($B$10:$B$44)-B11 | AB11: =IFERROR(B11/16,0) | AD11: =MAX($B$7:$B$141)-B11
A12: =IF(AD12=0,$AD$46, " ") | B12: =SUM(V12:X12)+C12 | C12: =COUNTA(F12:U12) | D12: =_xlfn.RANK.EQ(B12,$B$10:$B$44,0) | Z12: =IFERROR(COUNTIF(F12:U12,"W")/COUNTA(F12:U12),0) | AA12: =MAX($B$10:$B$44)-B12 | AB12: =IFERROR(B12/16,0) | AD12: =MAX($B$7:$B$141)-B12
A13: =IF(AD13=0,$AD$46, " ") | B13: =SUM(V13:X13)+C13 | C13: =COUNTA(F13:U13) | D13: =_xlfn.RANK.EQ(B13,$B$10:$B$44,0) | Z13: =IFERROR(COUNTIF(F13:U13,"W")/COUNTA(F13:U13),0) | AA13: =MAX($B$10:$B$44)-B13 | AB13: =IFERROR(B13/16,0) | AD13: =MAX($B$7:$B$141)-B13
A14: =IF(AD14=0,$AD$46, " ") | B14: =SUM(V14:X14)+C14 | C14: =COUNTA(F14:U14) | D14: =_xlfn.RANK.EQ(B14,$B$10:$B$44,0) | Z14: =IFERROR(COUNTIF(F14:U14,"W")/COUNTA(F14:U14),0) | AA14: =MAX($B$10:$B$44)-B14 | AB14: =IFERROR(B14/16,0) | AD14: =MAX($B$7:$B$141)-B14
A15: =IF(AD15=0,$AD$46, " ") | B15: =SUM(V15:X15)+C15 | C15: =COUNTA(F15:U15) | D15: =_xlfn.RANK.EQ(B15,$B$10:$B$44,0) | Z15: =IFERROR(COUNTIF(F15:U15,"W")/COUNTA(F15:U15),0) | AA15: =MAX($B$10:$B$44)-B15 | AB15: =IFERROR(B15/16,0) | AD15: =MAX($B$7:$B$141)-B15
A16: =IF(AD16=0,$AD$46, " ") | B16: =SUM(V16:X16)+C16 | C16: =COUNTA(F16:U16) | D16: =_xlfn.RANK.EQ(B16,$B$10:$B$44,0) | Z16: =IFERROR(COUNTIF(F16:U16,"W")/COUNTA(F16:U16),0) | AA16: =MAX($B$10:$B$44)-B16 | AB16: =IFERROR(B16/16,0) | AD16: =MAX($B$7:$B$141)-B16
A17: =IF(AD17=0,$AD$46, " ") | B17: =SUM(V17:X17)+C17 | C17: =COUNTA(F17:U17) | D17: =_xlfn.RANK.EQ(B17,$B$10:$B$44,0) | Z17: =IFERROR(COUNTIF(F17:U17,"W")/COUNTA(F17:U17),0) | AA17: =MAX($B$10:$B$44)-B17 | AB17: =IFERROR(B17/16,0) | AD17: =MAX($B$7:$B$141)-B17
A18: =IF(AD18=0,$AD$46, " ") | B18: =SUM(V18:X18)+C18 | C18: =COUNTA(F18:U18) | D18: =_xlfn.RANK.EQ(B18,$B$10:$B$44,0) | Z18: =IFERROR(COUNTIF(F18:U18,"W")/COUNTA(F18:U18),0) | AA18: =MAX($B$10:$B$44)-B18 | AB18: =IFERROR(B18/16,0) | AD18: =MAX($B$7:$B$141)-B18
A19: =IF(AD19=0,$AD$46, " ") | B19: =SUM(V19:X19)+C19 | C19: =COUNTA(F19:U19) | D19: =_xlfn.RANK.EQ(B19,$B$10:$B$44,0) | Z19: =IFERROR(COUNTIF(F19:U19,"W")/COUNTA(F19:U19),0) | AA19: =MAX($B$10:$B$44)-B19 | AB19: =IFERROR(B19/16,0) | AD19: =MAX($B$7:$B$141)-B19
A20: =IF(AD20=0,$AD$46, " ") | B20: =SUM(V20:X20)+C20 | C20: =COUNTA(F20:U20) | D20: =_xlfn.RANK.EQ(B20,$B$10:$B$44,0) | Z20: =IFERROR(COUNTIF(F20:U20,"W")/COUNTA(F20:U20),0) | AA20: =MAX($B$10:$B$44)-B20 | AB20: =IFERROR(B20/16,0) | AD20: =MAX($B$7:$B$141)-B20
A21: =IF(AD21=0,$AD$46, " ") | B21: =SUM(V21:X21)+C21 | C21: =COUNTA(F21:U21) | D21: =_xlfn.RANK.EQ(B21,$B$10:$B$44,0) | Z21: =IFERROR(COUNTIF(F21:U21,"W")/COUNTA(F21:U21),0) | AA21: =MAX($B$10:$B$44)-B21 | AB21: =IFERROR(B21/16,0) | AD21: =MAX($B$7:$B$141)-B21
... A44: =IF(AD44=0,$AD$46, " ") | B44: =SUM(V44:X44)+C44 | C44: =COUNTA(F44:U44) | D44: =_xlfn.RANK.EQ(B44,$B$10:$B$44,0) | Z44: =IFERROR(COUNTIF(F44:U44,"W")/COUNTA(F44:U44),0) | AA44: =MAX($B$10:$B$44)-B44 | AB44: =IFERROR(B44/16,0) | AD44: =MAX($B$7:$B$141)-B44
AD45: =COUNTIF(AD10:AD44,0)
AD46: =SUM(AD10:AD44)/AD45

Sheet Week 8
A1: 🏈 WEEK 3 — ACQL
A4: Home Team
A5: Away Team
A6: Result / Winner →
A7: Picked Home % | F7: =IFERROR(COUNTIF(F10:F44, F$4)/COUNTA(B10:B44),0) | G7: =IFERROR(COUNTIF(G10:G44, G$4)/COUNTA(C10:C44),0) | H7: =IFERROR(COUNTIF(H10:H44, H$4)/COUNTA(D10:D44),0) | I7: =IFERROR(COUNTIF(I10:I44, I$4)/COUNTA(E10:E44),0) | J7: =IFERROR(COUNTIF(J10:J44, J$4)/COUNTA(F10:F44),0) | K7: =IFERROR(COUNTIF(K10:K44, K$4)/COUNTA(G10:G44),0) | L7: =IFERROR(COUNTIF(L10:L44, L$4)/COUNTA(H10:H44),0) | M7: =IFERROR(COUNTIF(M10:M44, M$4)/COUNTA(I10:I44),0) | ... U7: =IFERROR(COUNTIF(U10:U44, U$4)/COUNTA(Q10:Q44),0)
A9: Entry Fee | B9: Wins | C9: Wins | D9: Rank | E9: Player | F9: G1 | G9: G2 | H9: G3 | I9: G4 | J9: G5 | K9: G6 | L9: G7 | M9: G8 | N9: G9 | O9: G10 | P9: G11 | Q9: G12 | R9: G13 | S9: G14 | T9: G15 | U9: G16 | V9: Loser 1 | W9: Loser 2 | X9: Loser 3 | Y9: Suicide | Z9: Home Team % | AA9: $ Owed | AB9: Games Behind | AC9: Win %
A10: =IF(AD10=0,$AD$46, " ") | B10: =SUM(V10:X10)+C10 | C10: =COUNTA(F10:U10) | D10: =_xlfn.RANK.EQ(B10,$B$10:$B$44,0) | Z10: =IFERROR(COUNTIF(F10:U10,"W")/COUNTA(F10:U10),0) | AA10: =MAX($B$10:$B$44)-B10 | AB10: =IFERROR(B10/16,0) | AD10: =MAX($B$7:$B$141)-B10
A11: =IF(AD11=0,$AD$46, " ") | B11: =SUM(V11:X11)+C11 | C11: =COUNTA(F11:U11) | D11: =_xlfn.RANK.EQ(B11,$B$10:$B$44,0) | Z11: =IFERROR(COUNTIF(F11:U11,"W")/COUNTA(F11:U11),0) | AA11: =MAX($B$10:$B$44)-B11 | AB11: =IFERROR(B11/16,0) | AD11: =MAX($B$7:$B$141)-B11
A12: =IF(AD12=0,$AD$46, " ") | B12: =SUM(V12:X12)+C12 | C12: =COUNTA(F12:U12) | D12: =_xlfn.RANK.EQ(B12,$B$10:$B$44,0) | Z12: =IFERROR(COUNTIF(F12:U12,"W")/COUNTA(F12:U12),0) | AA12: =MAX($B$10:$B$44)-B12 | AB12: =IFERROR(B12/16,0) | AD12: =MAX($B$7:$B$141)-B12
A13: =IF(AD13=0,$AD$46, " ") | B13: =SUM(V13:X13)+C13 | C13: =COUNTA(F13:U13) | D13: =_xlfn.RANK.EQ(B13,$B$10:$B$44,0) | Z13: =IFERROR(COUNTIF(F13:U13,"W")/COUNTA(F13:U13),0) | AA13: =MAX($B$10:$B$44)-B13 | AB13: =IFERROR(B13/16,0) | AD13: =MAX($B$7:$B$141)-B13
A14: =IF(AD14=0,$AD$46, " ") | B14: =SUM(V14:X14)+C14 | C14: =COUNTA(F14:U14) | D14: =_xlfn.RANK.EQ(B14,$B$10:$B$44,0) | Z14: =IFERROR(COUNTIF(F14:U14,"W")/COUNTA(F14:U14),0) | AA14: =MAX($B$10:$B$44)-B14 | AB14: =IFERROR(B14/16,0) | AD14: =MAX($B$7:$B$141)-B14
A15: =IF(AD15=0,$AD$46, " ") | B15: =SUM(V15:X15)+C15 | C15: =COUNTA(F15:U15) | D15: =_xlfn.RANK.EQ(B15,$B$10:$B$44,0) | Z15: =IFERROR(COUNTIF(F15:U15,"W")/COUNTA(F15:U15),0) | AA15: =MAX($B$10:$B$44)-B15 | AB15: =IFERROR(B15/16,0) | AD15: =MAX($B$7:$B$141)-B15
A16: =IF(AD16=0,$AD$46, " ") | B16: =SUM(V16:X16)+C16 | C16: =COUNTA(F16:U16) | D16: =_xlfn.RANK.EQ(B16,$B$10:$B$44,0) | Z16: =IFERROR(COUNTIF(F16:U16,"W")/COUNTA(F16:U16),0) | AA16: =MAX($B$10:$B$44)-B16 | AB16: =IFERROR(B16/16,0) | AD16: =MAX($B$7:$B$141)-B16
A17: =IF(AD17=0,$AD$46, " ") | B17: =SUM(V17:X17)+C17 | C17: =COUNTA(F17:U17) | D17: =_xlfn.RANK.EQ(B17,$B$10:$B$44,0) | Z17: =IFERROR(COUNTIF(F17:U17,"W")/COUNTA(F17:U17),0) | AA17: =MAX($B$10:$B$44)-B17 | AB17: =IFERROR(B17/16,0) | AD17: =MAX($B$7:$B$141)-B17
A18: =IF(AD18=0,$AD$46, " ") | B18: =SUM(V18:X18)+C18 | C18: =COUNTA(F18:U18) | D18: =_xlfn.RANK.EQ(B18,$B$10:$B$44,0) | Z18: =IFERROR(COUNTIF(F18:U18,"W")/COUNTA(F18:U18),0) | AA18: =MAX($B$10:$B$44)-B18 | AB18: =IFERROR(B18/16,0) | AD18: =MAX($B$7:$B$141)-B18
A19: =IF(AD19=0,$AD$46, " ") | B19: =SUM(V19:X19)+C19 | C19: =COUNTA(F19:U19) | D19: =_xlfn.RANK.EQ(B19,$B$10:$B$44,0) | Z19: =IFERROR(COUNTIF(F19:U19,"W")/COUNTA(F19:U19),0) | AA19: =MAX($B$10:$B$44)-B19 | AB19: =IFERROR(B19/16,0) | AD19: =MAX($B$7:$B$141)-B19
A20: =IF(AD20=0,$AD$46, " ") | B20: =SUM(V20:X20)+C20 | C20: =COUNTA(F20:U20) | D20: =_xlfn.RANK.EQ(B20,$B$10:$B$44,0) | Z20: =IFERROR(COUNTIF(F20:U20,"W")/COUNTA(F20:U20),0) | AA20: =MAX($B$10:$B$44)-B20 | AB20: =IFERROR(B20/16,0) | AD20: =MAX($B$7:$B$141)-B20
A21: =IF(AD21=0,$AD$46, " ") | B21: =SUM(V21:X21)+C21 | C21: =COUNTA(F21:U21) | D21: =_xlfn.RANK.EQ(B21,$B$10:$B$44,0) | Z21: =IFERROR(COUNTIF(F21:U21,"W")/COUNTA(F21:U21),0) | AA21: =MAX($B$10:$B$44)-B21 | AB21: =IFERROR(B21/16,0) | AD21: =MAX($B$7:$B$141)-B21
... A44: =IF(AD44=0,$AD$46, " ") | B44: =SUM(V44:X44)+C44 | C44: =COUNTA(F44:U44) | D44: =_xlfn.RANK.EQ(B44,$B$10:$B$44,0) | Z44: =IFERROR(COUNTIF(F44:U44,"W")/COUNTA(F44:U44),0) | AA44: =MAX($B$10:$B$44)-B44 | AB44: =IFERROR(B44/16,0) | AD44: =MAX($B$7:$B$141)-B44
AD45: =COUNTIF(AD10:AD44,0)
AD46: =SUM(AD10:AD44)/AD45

Sheet Week 9
A1: 🏈 WEEK 3 — ACQL
A4: Home Team
A5: Away Team
A6: Result / Winner →
A7: Picked Home % | F7: =IFERROR(COUNTIF(F10:F44, F$4)/COUNTA(B10:B44),0) | G7: =IFERROR(COUNTIF(G10:G44, G$4)/COUNTA(C10:C44),0) | H7: =IFERROR(COUNTIF(H10:H44, H$4)/COUNTA(D10:D44),0) | I7: =IFERROR(COUNTIF(I10:I44, I$4)/COUNTA(E10:E44),0) | J7: =IFERROR(COUNTIF(J10:J44, J$4)/COUNTA(F10:F44),0) | K7: =IFERROR(COUNTIF(K10:K44, K$4)/COUNTA(G10:G44),0) | L7: =IFERROR(COUNTIF(L10:L44, L$4)/COUNTA(H10:H44),0) | M7: =IFERROR(COUNTIF(M10:M44, M$4)/COUNTA(I10:I44),0) | ... U7: =IFERROR(COUNTIF(U10:U44, U$4)/COUNTA(Q10:Q44),0)
A9: Entry Fee | B9: Wins | C9: Wins | D9: Rank | E9: Player | F9: G1 | G9: G2 | H9: G3 | I9: G4 | J9: G5 | K9: G6 | L9: G7 | M9: G8 | N9: G9 | O9: G10 | P9: G11 | Q9: G12 | R9: G13 | S9: G14 | T9: G15 | U9: G16 | V9: Loser 1 | W9: Loser 2 | X9: Loser 3 | Y9: Suicide | Z9: Home Team % | AA9: $ Owed | AB9: Games Behind | AC9: Win %
A10: =IF(AD10=0,$AD$46, " ") | B10: =SUM(V10:X10)+C10 | C10: =COUNTA(F10:U10) | D10: =_xlfn.RANK.EQ(B10,$B$10:$B$44,0) | Z10: =IFERROR(COUNTIF(F10:U10,"W")/COUNTA(F10:U10),0) | AA10: =MAX($B$10:$B$44)-B10 | AB10: =IFERROR(B10/16,0) | AD10: =MAX($B$7:$B$141)-B10
A11: =IF(AD11=0,$AD$46, " ") | B11: =SUM(V11:X11)+C11 | C11: =COUNTA(F11:U11) | D11: =_xlfn.RANK.EQ(B11,$B$10:$B$44,0) | Z11: =IFERROR(COUNTIF(F11:U11,"W")/COUNTA(F11:U11),0) | AA11: =MAX($B$10:$B$44)-B11 | AB11: =IFERROR(B11/16,0) | AD11: =MAX($B$7:$B$141)-B11
A12: =IF(AD12=0,$AD$46, " ") | B12: =SUM(V12:X12)+C12 | C12: =COUNTA(F12:U12) | D12: =_xlfn.RANK.EQ(B12,$B$10:$B$44,0) | Z12: =IFERROR(COUNTIF(F12:U12,"W")/COUNTA(F12:U12),0) | AA12: =MAX($B$10:$B$44)-B12 | AB12: =IFERROR(B12/16,0) | AD12: =MAX($B$7:$B$141)-B12
A13: =IF(AD13=0,$AD$46, " ") | B13: =SUM(V13:X13)+C13 | C13: =COUNTA(F13:U13) | D13: =_xlfn.RANK.EQ(B13,$B$10:$B$44,0) | Z13: =IFERROR(COUNTIF(F13:U13,"W")/COUNTA(F13:U13),0) | AA13: =MAX($B$10:$B$44)-B13 | AB13: =IFERROR(B13/16,0) | AD13: =MAX($B$7:$B$141)-B13
A14: =IF(AD14=0,$AD$46, " ") | B14: =SUM(V14:X14)+C14 | C14: =COUNTA(F14:U14) | D14: =_xlfn.RANK.EQ(B14,$B$10:$B$44,0) | Z14: =IFERROR(COUNTIF(F14:U14,"W")/COUNTA(F14:U14),0) | AA14: =MAX($B$10:$B$44)-B14 | AB14: =IFERROR(B14/16,0) | AD14: =MAX($B$7:$B$141)-B14
A15: =IF(AD15=0,$AD$46, " ") | B15: =SUM(V15:X15)+C15 | C15: =COUNTA(F15:U15) | D15: =_xlfn.RANK.EQ(B15,$B$10:$B$44,0) | Z15: =IFERROR(COUNTIF(F15:U15,"W")/COUNTA(F15:U15),0) | AA15: =MAX($B$10:$B$44)-B15 | AB15: =IFERROR(B15/16,0) | AD15: =MAX($B$7:$B$141)-B15
A16: =IF(AD16=0,$AD$46, " ") | B16: =SUM(V16:X16)+C16 | C16: =COUNTA(F16:U16) | D16: =_xlfn.RANK.EQ(B16,$B$10:$B$44,0) | Z16: =IFERROR(COUNTIF(F16:U16,"W")/COUNTA(F16:U16),0) | AA16: =MAX($B$10:$B$44)-B16 | AB16: =IFERROR(B16/16,0) | AD16: =MAX($B$7:$B$141)-B16
A17: =IF(AD17=0,$AD$46, " ") | B17: =SUM(V17:X17)+C17 | C17: =COUNTA(F17:U17) | D17: =_xlfn.RANK.EQ(B17,$B$10:$B$44,0) | Z17: =IFERROR(COUNTIF(F17:U17,"W")/COUNTA(F17:U17),0) | AA17: =MAX($B$10:$B$44)-B17 | AB17: =IFERROR(B17/16,0) | AD17: =MAX($B$7:$B$141)-B17
A18: =IF(AD18=0,$AD$46, " ") | B18: =SUM(V18:X18)+C18 | C18: =COUNTA(F18:U18) | D18: =_xlfn.RANK.EQ(B18,$B$10:$B$44,0) | Z18: =IFERROR(COUNTIF(F18:U18,"W")/COUNTA(F18:U18),0) | AA18: =MAX($B$10:$B$44)-B18 | AB18: =IFERROR(B18/16,0) | AD18: =MAX($B$7:$B$141)-B18
A19: =IF(AD19=0,$AD$46, " ") | B19: =SUM(V19:X19)+C19 | C19: =COUNTA(F19:U19) | D19: =_xlfn.RANK.EQ(B19,$B$10:$B$44,0) | Z19: =IFERROR(COUNTIF(F19:U19,"W")/COUNTA(F19:U19),0) | AA19: =MAX($B$10:$B$44)-B19 | AB19: =IFERROR(B19/16,0) | AD19: =MAX($B$7:$B$141)-B19
A20: =IF(AD20=0,$AD$46, " ") | B20: =SUM(V20:X20)+C20 | C20: =COUNTA(F20:U20) | D20: =_xlfn.RANK.EQ(B20,$B$10:$B$44,0) | Z20: =IFERROR(COUNTIF(F20:U20,"W")/COUNTA(F20:U20),0) | AA20: =MAX($B$10:$B$44)-B20 | AB20: =IFERROR(B20/16,0) | AD20: =MAX($B$7:$B$141)-B20
A21: =IF(AD21=0,$AD$46, " ") | B21: =SUM(V21:X21)+C21 | C21: =COUNTA(F21:U21) | D21: =_xlfn.RANK.EQ(B21,$B$10:$B$44,0) | Z21: =IFERROR(COUNTIF(F21:U21,"W")/COUNTA(F21:U21),0) | AA21: =MAX($B$10:$B$44)-B21 | AB21: =IFERROR(B21/16,0) | AD21: =MAX($B$7:$B$141)-B21
... A44: =IF(AD44=0,$AD$46, " ") | B44: =SUM(V44:X44)+C44 | C44: =COUNTA(F44:U44) | D44: =_xlfn.RANK.EQ(B44,$B$10:$B$44,0) | Z44: =IFERROR(COUNTIF(F44:U44,"W")/COUNTA(F44:U44),0) | AA44: =MAX($B$10:$B$44)-B44 | AB44: =IFERROR(B44/16,0) | AD44: =MAX($B$7:$B$141)-B44
AD45: =COUNTIF(AD10:AD44,0)
AD46: =SUM(AD10:AD44)/AD45

Sheet Week 10
A1: 🏈 WEEK 3 — ACQL
A4: Home Team
A5: Away Team
A6: Result / Winner →
A7: Picked Home % | F7: =IFERROR(COUNTIF(F10:F44, F$4)/COUNTA(B10:B44),0) | G7: =IFERROR(COUNTIF(G10:G44, G$4)/COUNTA(C10:C44),0) | H7: =IFERROR(COUNTIF(H10:H44, H$4)/COUNTA(D10:D44),0) | I7: =IFERROR(COUNTIF(I10:I44, I$4)/COUNTA(E10:E44),0) | J7: =IFERROR(COUNTIF(J10:J44, J$4)/COUNTA(F10:F44),0) | K7: =IFERROR(COUNTIF(K10:K44, K$4)/COUNTA(G10:G44),0) | L7: =IFERROR(COUNTIF(L10:L44, L$4)/COUNTA(H10:H44),0) | M7: =IFERROR(COUNTIF(M10:M44, M$4)/COUNTA(I10:I44),0) | ... U7: =IFERROR(COUNTIF(U10:U44, U$4)/COUNTA(Q10:Q44),0)
A9: Entry Fee | B9: Wins | C9: Wins | D9: Rank | E9: Player | F9: G1 | G9: G2 | H9: G3 | I9: G4 | J9: G5 | K9: G6 | L9: G7 | M9: G8 | N9: G9 | O9: G10 | P9: G11 | Q9: G12 | R9: G13 | S9: G14 | T9: G15 | U9: G16 | V9: Loser 1 | W9: Loser 2 | X9: Loser 3 | Y9: Suicide | Z9: Home Team % | AA9: $ Owed | AB9: Games Behind | AC9: Win %
A10: =IF(AD10=0,$AD$46, " ") | B10: =SUM(V10:X10)+C10 | C10: =COUNTA(F10:U10) | D10: =_xlfn.RANK.EQ(B10,$B$10:$B$44,0) | Z10: =IFERROR(COUNTIF(F10:U10,"W")/COUNTA(F10:U10),0) | AA10: =MAX($B$10:$B$44)-B10 | AB10: =IFERROR(B10/16,0) | AD10: =MAX($B$7:$B$141)-B10
A11: =IF(AD11=0,$AD$46, " ") | B11: =SUM(V11:X11)+C11 | C11: =COUNTA(F11:U11) | D11: =_xlfn.RANK.EQ(B11,$B$10:$B$44,0) | Z11: =IFERROR(COUNTIF(F11:U11,"W")/COUNTA(F11:U11),0) | AA11: =MAX($B$10:$B$44)-B11 | AB11: =IFERROR(B11/16,0) | AD11: =MAX($B$7:$B$141)-B11
A12: =IF(AD12=0,$AD$46, " ") | B12: =SUM(V12:X12)+C12 | C12: =COUNTA(F12:U12) | D12: =_xlfn.RANK.EQ(B12,$B$10:$B$44,0) | Z12: =IFERROR(COUNTIF(F12:U12,"W")/COUNTA(F12:U12),0) | AA12: =MAX($B$10:$B$44)-B12 | AB12: =IFERROR(B12/16,0) | AD12: =MAX($B$7:$B$141)-B12
A13: =IF(AD13=0,$AD$46, " ") | B13: =SUM(V13:X13)+C13 | C13: =COUNTA(F13:U13) | D13: =_xlfn.RANK.EQ(B13,$B$10:$B$44,0) | Z13: =IFERROR(COUNTIF(F13:U13,"W")/COUNTA(F13:U13),0) | AA13: =MAX($B$10:$B$44)-B13 | AB13: =IFERROR(B13/16,0) | AD13: =MAX($B$7:$B$141)-B13
A14: =IF(AD14=0,$AD$46, " ") | B14: =SUM(V14:X14)+C14 | C14: =COUNTA(F14:U14) | D14: =_xlfn.RANK.EQ(B14,$B$10:$B$44,0) | Z14: =IFERROR(COUNTIF(F14:U14,"W")/COUNTA(F14:U14),0) | AA14: =MAX($B$10:$B$44)-B14 | AB14: =IFERROR(B14/16,0) | AD14: =MAX($B$7:$B$141)-B14
A15: =IF(AD15=0,$AD$46, " ") | B15: =SUM(V15:X15)+C15 | C15: =COUNTA(F15:U15) | D15: =_xlfn.RANK.EQ(B15,$B$10:$B$44,0) | Z15: =IFERROR(COUNTIF(F15:U15,"W")/COUNTA(F15:U15),0) | AA15: =MAX($B$10:$B$44)-B15 | AB15: =IFERROR(B15/16,0) | AD15: =MAX($B$7:$B$141)-B15
A16: =IF(AD16=0,$AD$46, " ") | B16: =SUM(V16:X16)+C16 | C16: =COUNTA(F16:U16) | D16: =_xlfn.RANK.EQ(B16,$B$10:$B$44,0) | Z16: =IFERROR(COUNTIF(F16:U16,"W")/COUNTA(F16:U16),0) | AA16: =MAX($B$10:$B$44)-B16 | AB16: =IFERROR(B16/16,0) | AD16: =MAX($B$7:$B$141)-B16
A17: =IF(AD17=0,$AD$46, " ") | B17: =SUM(V17:X17)+C17 | C17: =COUNTA(F17:U17) | D17: =_xlfn.RANK.EQ(B17,$B$10:$B$44,0) | Z17: =IFERROR(COUNTIF(F17:U17,"W")/COUNTA(F17:U17),0) | AA17: =MAX($B$10:$B$44)-B17 | AB17: =IFERROR(B17/16,0) | AD17: =MAX($B$7:$B$141)-B17
A18: =IF(AD18=0,$AD$46, " ") | B18: =SUM(V18:X18)+C18 | C18: =COUNTA(F18:U18) | D18: =_xlfn.RANK.EQ(B18,$B$10:$B$44,0) | Z18: =IFERROR(COUNTIF(F18:U18,"W")/COUNTA(F18:U18),0) | AA18: =MAX($B$10:$B$44)-B18 | AB18: =IFERROR(B18/16,0) | AD18: =MAX($B$7:$B$141)-B18
A19: =IF(AD19=0,$AD$46, " ") | B19: =SUM(V19:X19)+C19 | C19: =COUNTA(F19:U19) | D19: =_xlfn.RANK.EQ(B19,$B$10:$B$44,0) | Z19: =IFERROR(COUNTIF(F19:U19,"W")/COUNTA(F19:U19),0) | AA19: =MAX($B$10:$B$44)-B19 | AB19: =IFERROR(B19/16,0) | AD19: =MAX($B$7:$B$141)-B19
A20: =IF(AD20=0,$AD$46, " ") | B20: =SUM(V20:X20)+C20 | C20: =COUNTA(F20:U20) | D20: =_xlfn.RANK.EQ(B20,$B$10:$B$44,0) | Z20: =IFERROR(COUNTIF(F20:U20,"W")/COUNTA(F20:U20),0) | AA20: =MAX($B$10:$B$44)-B20 | AB20: =IFERROR(B20/16,0) | AD20: =MAX($B$7:$B$141)-B20
A21: =IF(AD21=0,$AD$46, " ") | B21: =SUM(V21:X21)+C21 | C21: =COUNTA(F21:U21) | D21: =_xlfn.RANK.EQ(B21,$B$10:$B$44,0) | Z21: =IFERROR(COUNTIF(F21:U21,"W")/COUNTA(F21:U21),0) | AA21: =MAX($B$10:$B$44)-B21 | AB21: =IFERROR(B21/16,0) | AD21: =MAX($B$7:$B$141)-B21
... A44: =IF(AD44=0,$AD$46, " ") | B44: =SUM(V44:X44)+C44 | C44: =COUNTA(F44:U44) | D44: =_xlfn.RANK.EQ(B44,$B$10:$B$44,0) | Z44: =IFERROR(COUNTIF(F44:U44,"W")/COUNTA(F44:U44),0) | AA44: =MAX($B$10:$B$44)-B44 | AB44: =IFERROR(B44/16,0) | AD44: =MAX($B$7:$B$141)-B44
AD45: =COUNTIF(AD10:AD44,0)
AD46: =SUM(AD10:AD44)/AD45

Sheet Week 11
A1: 🏈 WEEK 3 — ACQL
A4: Home Team
A5: Away Team
A6: Result / Winner →
A7: Picked Home % | F7: =IFERROR(COUNTIF(F10:F44, F$4)/COUNTA(B10:B44),0) | G7: =IFERROR(COUNTIF(G10:G44, G$4)/COUNTA(C10:C44),0) | H7: =IFERROR(COUNTIF(H10:H44, H$4)/COUNTA(D10:D44),0) | I7: =IFERROR(COUNTIF(I10:I44, I$4)/COUNTA(E10:E44),0) | J7: =IFERROR(COUNTIF(J10:J44, J$4)/COUNTA(F10:F44),0) | K7: =IFERROR(COUNTIF(K10:K44, K$4)/COUNTA(G10:G44),0) | L7: =IFERROR(COUNTIF(L10:L44, L$4)/COUNTA(H10:H44),0) | M7: =IFERROR(COUNTIF(M10:M44, M$4)/COUNTA(I10:I44),0) | ... U7: =IFERROR(COUNTIF(U10:U44, U$4)/COUNTA(Q10:Q44),0)
A9: Entry Fee | B9: Wins | C9: Wins | D9: Rank | E9: Player | F9: G1 | G9: G2 | H9: G3 | I9: G4 | J9: G5 | K9: G6 | L9: G7 | M9: G8 | N9: G9 | O9: G10 | P9: G11 | Q9: G12 | R9: G13 | S9: G14 | T9: G15 | U9: G16 | V9: Loser 1 | W9: Loser 2 | X9: Loser 3 | Y9: Suicide | Z9: Home Team % | AA9: $ Owed | AB9: Games Behind | AC9: Win %
A10: =IF(AD10=0,$AD$46, " ") | B10: =SUM(V10:X10)+C10 | C10: =COUNTA(F10:U10) | D10: =_xlfn.RANK.EQ(B10,$B$10:$B$44,0) | Z10: =IFERROR(COUNTIF(F10:U10,"W")/COUNTA(F10:U10),0) | AA10: =MAX($B$10:$B$44)-B10 | AB10: =IFERROR(B10/16,0) | AD10: =MAX($B$7:$B$141)-B10
A11: =IF(AD11=0,$AD$46, " ") | B11: =SUM(V11:X11)+C11 | C11: =COUNTA(F11:U11) | D11: =_xlfn.RANK.EQ(B11,$B$10:$B$44,0) | Z11: =IFERROR(COUNTIF(F11:U11,"W")/COUNTA(F11:U11),0) | AA11: =MAX($B$10:$B$44)-B11 | AB11: =IFERROR(B11/16,0) | AD11: =MAX($B$7:$B$141)-B11
A12: =IF(AD12=0,$AD$46, " ") | B12: =SUM(V12:X12)+C12 | C12: =COUNTA(F12:U12) | D12: =_xlfn.RANK.EQ(B12,$B$10:$B$44,0) | Z12: =IFERROR(COUNTIF(F12:U12,"W")/COUNTA(F12:U12),0) | AA12: =MAX($B$10:$B$44)-B12 | AB12: =IFERROR(B12/16,0) | AD12: =MAX($B$7:$B$141)-B12
A13: =IF(AD13=0,$AD$46, " ") | B13: =SUM(V13:X13)+C13 | C13: =COUNTA(F13:U13) | D13: =_xlfn.RANK.EQ(B13,$B$10:$B$44,0) | Z13: =IFERROR(COUNTIF(F13:U13,"W")/COUNTA(F13:U13),0) | AA13: =MAX($B$10:$B$44)-B13 | AB13: =IFERROR(B13/16,0) | AD13: =MAX($B$7:$B$141)-B13
A14: =IF(AD14=0,$AD$46, " ") | B14: =SUM(V14:X14)+C14 | C14: =COUNTA(F14:U14) | D14: =_xlfn.RANK.EQ(B14,$B$10:$B$44,0) | Z14: =IFERROR(COUNTIF(F14:U14,"W")/COUNTA(F14:U14),0) | AA14: =MAX($B$10:$B$44)-B14 | AB14: =IFERROR(B14/16,0) | AD14: =MAX($B$7:$B$141)-B14
A15: =IF(AD15=0,$AD$46, " ") | B15: =SUM(V15:X15)+C15 | C15: =COUNTA(F15:U15) | D15: =_xlfn.RANK.EQ(B15,$B$10:$B$44,0) | Z15: =IFERROR(COUNTIF(F15:U15,"W")/COUNTA(F15:U15),0) | AA15: =MAX($B$10:$B$44)-B15 | AB15: =IFERROR(B15/16,0) | AD15: =MAX($B$7:$B$141)-B15
A16: =IF(AD16=0,$AD$46, " ") | B16: =SUM(V16:X16)+C16 | C16: =COUNTA(F16:U16) | D16: =_xlfn.RANK.EQ(B16,$B$10:$B$44,0) | Z16: =IFERROR(COUNTIF(F16:U16,"W")/COUNTA(F16:U16),0) | AA16: =MAX($B$10:$B$44)-B16 | AB16: =IFERROR(B16/16,0) | AD16: =MAX($B$7:$B$141)-B16
A17: =IF(AD17=0,$AD$46, " ") | B17: =SUM(V17:X17)+C17 | C17: =COUNTA(F17:U17) | D17: =_xlfn.RANK.EQ(B17,$B$10:$B$44,0) | Z17: =IFERROR(COUNTIF(F17:U17,"W")/COUNTA(F17:U17),0) | AA17: =MAX($B$10:$B$44)-B17 | AB17: =IFERROR(B17/16,0) | AD17: =MAX($B$7:$B$141)-B17
A18: =IF(AD18=0,$AD$46, " ") | B18: =SUM(V18:X18)+C18 | C18: =COUNTA(F18:U18) | D18: =_xlfn.RANK.EQ(B18,$B$10:$B$44,0) | Z18: =IFERROR(COUNTIF(F18:U18,"W")/COUNTA(F18:U18),0) | AA18: =MAX($B$10:$B$44)-B18 | AB18: =IFERROR(B18/16,0) | AD18: =MAX($B$7:$B$141)-B18
A19: =IF(AD19=0,$AD$46, " ") | B19: =SUM(V19:X19)+C19 | C19: =COUNTA(F19:U19) | D19: =_xlfn.RANK.EQ(B19,$B$10:$B$44,0) | Z19: =IFERROR(COUNTIF(F19:U19,"W")/COUNTA(F19:U19),0) | AA19: =MAX($B$10:$B$44)-B19 | AB19: =IFERROR(B19/16,0) | AD19: =MAX($B$7:$B$141)-B19
A20: =IF(AD20=0,$AD$46, " ") | B20: =SUM(V20:X20)+C20 | C20: =COUNTA(F20:U20) | D20: =_xlfn.RANK.EQ(B20,$B$10:$B$44,0) | Z20: =IFERROR(COUNTIF(F20:U20,"W")/COUNTA(F20:U20),0) | AA20: =MAX($B$10:$B$44)-B20 | AB20: =IFERROR(B20/16,0) | AD20: =MAX($B$7:$B$141)-B20
A21: =IF(AD21=0,$AD$46, " ") | B21: =SUM(V21:X21)+C21 | C21: =COUNTA(F21:U21) | D21: =_xlfn.RANK.EQ(B21,$B$10:$B$44,0) | Z21: =IFERROR(COUNTIF(F21:U21,"W")/COUNTA(F21:U21),0) | AA21: =MAX($B$10:$B$44)-B21 | AB21: =IFERROR(B21/16,0) | AD21: =MAX($B$7:$B$141)-B21
... A44: =IF(AD44=0,$AD$46, " ") | B44: =SUM(V44:X44)+C44 | C44: =COUNTA(F44:U44) | D44: =_xlfn.RANK.EQ(B44,$B$10:$B$44,0) | Z44: =IFERROR(COUNTIF(F44:U44,"W")/COUNTA(F44:U44),0) | AA44: =MAX($B$10:$B$44)-B44 | AB44: =IFERROR(B44/16,0) | AD44: =MAX($B$7:$B$141)-B44
AD45: =COUNTIF(AD10:AD44,0)
AD46: =SUM(AD10:AD44)/AD45

Sheet Week 12
A1: 🏈 WEEK 3 — ACQL
A4: Home Team
A5: Away Team
A6: Result / Winner →
A7: Picked Home % | F7: =IFERROR(COUNTIF(F10:F44, F$4)/COUNTA(B10:B44),0) | G7: =IFERROR(COUNTIF(G10:G44, G$4)/COUNTA(C10:C44),0) | H7: =IFERROR(COUNTIF(H10:H44, H$4)/COUNTA(D10:D44),0) | I7: =IFERROR(COUNTIF(I10:I44, I$4)/COUNTA(E10:E44),0) | J7: =IFERROR(COUNTIF(J10:J44, J$4)/COUNTA(F10:F44),0) | K7: =IFERROR(COUNTIF(K10:K44, K$4)/COUNTA(G10:G44),0) | L7: =IFERROR(COUNTIF(L10:L44, L$4)/COUNTA(H10:H44),0) | M7: =IFERROR(COUNTIF(M10:M44, M$4)/COUNTA(I10:I44),0) | ... U7: =IFERROR(COUNTIF(U10:U44, U$4)/COUNTA(Q10:Q44),0)
A9: Entry Fee | B9: Wins | C9: Wins | D9: Rank | E9: Player | F9: G1 | G9: G2 | H9: G3 | I9: G4 | J9: G5 | K9: G6 | L9: G7 | M9: G8 | N9: G9 | O9: G10 | P9: G11 | Q9: G12 | R9: G13 | S9: G14 | T9: G15 | U9: G16 | V9: Loser 1 | W9: Loser 2 | X9: Loser 3 | Y9: Suicide | Z9: Home Team % | AA9: $ Owed | AB9: Games Behind | AC9: Win %
A10: =IF(AD10=0,$AD$46, " ") | B10: =SUM(V10:X10)+C10 | C10: =COUNTA(F10:U10) | D10: =_xlfn.RANK.EQ(B10,$B$10:$B$44,0) | Z10: =IFERROR(COUNTIF(F10:U10,"W")/COUNTA(F10:U10),0) | AA10: =MAX($B$10:$B$44)-B10 | AB10: =IFERROR(B10/16,0) | AD10: =MAX($B$7:$B$141)-B10
A11: =IF(AD11=0,$AD$46, " ") | B11: =SUM(V11:X11)+C11 | C11: =COUNTA(F11:U11) | D11: =_xlfn.RANK.EQ(B11,$B$10:$B$44,0) | Z11: =IFERROR(COUNTIF(F11:U11,"W")/COUNTA(F11:U11),0) | AA11: =MAX($B$10:$B$44)-B11 | AB11: =IFERROR(B11/16,0) | AD11: =MAX($B$7:$B$141)-B11
A12: =IF(AD12=0,$AD$46, " ") | B12: =SUM(V12:X12)+C12 | C12: =COUNTA(F12:U12) | D12: =_xlfn.RANK.EQ(B12,$B$10:$B$44,0) | Z12: =IFERROR(COUNTIF(F12:U12,"W")/COUNTA(F12:U12),0) | AA12: =MAX($B$10:$B$44)-B12 | AB12: =IFERROR(B12/16,0) | AD12: =MAX($B$7:$B$141)-B12
A13: =IF(AD13=0,$AD$46, " ") | B13: =SUM(V13:X13)+C13 | C13: =COUNTA(F13:U13) | D13: =_xlfn.RANK.EQ(B13,$B$10:$B$44,0) | Z13: =IFERROR(COUNTIF(F13:U13,"W")/COUNTA(F13:U13),0) | AA13: =MAX($B$10:$B$44)-B13 | AB13: =IFERROR(B13/16,0) | AD13: =MAX($B$7:$B$141)-B13
A14: =IF(AD14=0,$AD$46, " ") | B14: =SUM(V14:X14)+C14 | C14: =COUNTA(F14:U14) | D14: =_xlfn.RANK.EQ(B14,$B$10:$B$44,0) | Z14: =IFERROR(COUNTIF(F14:U14,"W")/COUNTA(F14:U14),0) | AA14: =MAX($B$10:$B$44)-B14 | AB14: =IFERROR(B14/16,0) | AD14: =MAX($B$7:$B$141)-B14
A15: =IF(AD15=0,$AD$46, " ") | B15: =SUM(V15:X15)+C15 | C15: =COUNTA(F15:U15) | D15: =_xlfn.RANK.EQ(B15,$B$10:$B$44,0) | Z15: =IFERROR(COUNTIF(F15:U15,"W")/COUNTA(F15:U15),0) | AA15: =MAX($B$10:$B$44)-B15 | AB15: =IFERROR(B15/16,0) | AD15: =MAX($B$7:$B$141)-B15
A16: =IF(AD16=0,$AD$46, " ") | B16: =SUM(V16:X16)+C16 | C16: =COUNTA(F16:U16) | D16: =_xlfn.RANK.EQ(B16,$B$10:$B$44,0) | Z16: =IFERROR(COUNTIF(F16:U16,"W")/COUNTA(F16:U16),0) | AA16: =MAX($B$10:$B$44)-B16 | AB16: =IFERROR(B16/16,0) | AD16: =MAX($B$7:$B$141)-B16
A17: =IF(AD17=0,$AD$46, " ") | B17: =SUM(V17:X17)+C17 | C17: =COUNTA(F17:U17) | D17: =_xlfn.RANK.EQ(B17,$B$10:$B$44,0) | Z17: =IFERROR(COUNTIF(F17:U17,"W")/COUNTA(F17:U17),0) | AA17: =MAX($B$10:$B$44)-B17 | AB17: =IFERROR(B17/16,0) | AD17: =MAX($B$7:$B$141)-B17
A18: =IF(AD18=0,$AD$46, " ") | B18: =SUM(V18:X18)+C18 | C18: =COUNTA(F18:U18) | D18: =_xlfn.RANK.EQ(B18,$B$10:$B$44,0) | Z18: =IFERROR(COUNTIF(F18:U18,"W")/COUNTA(F18:U18),0) | AA18: =MAX($B$10:$B$44)-B18 | AB18: =IFERROR(B18/16,0) | AD18: =MAX($B$7:$B$141)-B18
A19: =IF(AD19=0,$AD$46, " ") | B19: =SUM(V19:X19)+C19 | C19: =COUNTA(F19:U19) | D19: =_xlfn.RANK.EQ(B19,$B$10:$B$44,0) | Z19: =IFERROR(COUNTIF(F19:U19,"W")/COUNTA(F19:U19),0) | AA19: =MAX($B$10:$B$44)-B19 | AB19: =IFERROR(B19/16,0) | AD19: =MAX($B$7:$B$141)-B19
A20: =IF(AD20=0,$AD$46, " ") | B20: =SUM(V20:X20)+C20 | C20: =COUNTA(F20:U20) | D20: =_xlfn.RANK.EQ(B20,$B$10:$B$44,0) | Z20: =IFERROR(COUNTIF(F20:U20,"W")/COUNTA(F20:U20),0) | AA20: =MAX($B$10:$B$44)-B20 | AB20: =IFERROR(B20/16,0) | AD20: =MAX($B$7:$B$141)-B20
A21: =IF(AD21=0,$AD$46, " ") | B21: =SUM(V21:X21)+C21 | C21: =COUNTA(F21:U21) | D21: =_xlfn.RANK.EQ(B21,$B$10:$B$44,0) | Z21: =IFERROR(COUNTIF(F21:U21,"W")/COUNTA(F21:U21),0) | AA21: =MAX($B$10:$B$44)-B21 | AB21: =IFERROR(B21/16,0) | AD21: =MAX($B$7:$B$141)-B21
... A44: =IF(AD44=0,$AD$46, " ") | B44: =SUM(V44:X44)+C44 | C44: =COUNTA(F44:U44) | D44: =_xlfn.RANK.EQ(B44,$B$10:$B$44,0) | Z44: =IFERROR(COUNTIF(F44:U44,"W")/COUNTA(F44:U44),0) | AA44: =MAX($B$10:$B$44)-B44 | AB44: =IFERROR(B44/16,0) | AD44: =MAX($B$7:$B$141)-B44
AD45: =COUNTIF(AD10:AD44,0)
AD46: =SUM(AD10:AD44)/AD45

Sheet Week 13
A1: 🏈 WEEK 3 — ACQL
A4: Home Team
A5: Away Team
A6: Result / Winner →
A7: Picked Home % | F7: =IFERROR(COUNTIF(F10:F44, F$4)/COUNTA(B10:B44),0) | G7: =IFERROR(COUNTIF(G10:G44, G$4)/COUNTA(C10:C44),0) | H7: =IFERROR(COUNTIF(H10:H44, H$4)/COUNTA(D10:D44),0) | I7: =IFERROR(COUNTIF(I10:I44, I$4)/COUNTA(E10:E44),0) | J7: =IFERROR(COUNTIF(J10:J44, J$4)/COUNTA(F10:F44),0) | K7: =IFERROR(COUNTIF(K10:K44, K$4)/COUNTA(G10:G44),0) | L7: =IFERROR(COUNTIF(L10:L44, L$4)/COUNTA(H10:H44),0) | M7: =IFERROR(COUNTIF(M10:M44, M$4)/COUNTA(I10:I44),0) | ... U7: =IFERROR(COUNTIF(U10:U44, U$4)/COUNTA(Q10:Q44),0)
A9: Entry Fee | B9: Wins | C9: Wins | D9: Rank | E9: Player | F9: G1 | G9: G2 | H9: G3 | I9: G4 | J9: G5 | K9: G6 | L9: G7 | M9: G8 | N9: G9 | O9: G10 | P9: G11 | Q9: G12 | R9: G13 | S9: G14 | T9: G15 | U9: G16 | V9: Loser 1 | W9: Loser 2 | X9: Loser 3 | Y9: Suicide | Z9: Home Team % | AA9: $ Owed | AB9: Games Behind | AC9: Win %
A10: =IF(AD10=0,$AD$46, " ") | B10: =SUM(V10:X10)+C10 | C10: =COUNTA(F10:U10) | D10: =_xlfn.RANK.EQ(B10,$B$10:$B$44,0) | Z10: =IFERROR(COUNTIF(F10:U10,"W")/COUNTA(F10:U10),0) | AA10: =MAX($B$10:$B$44)-B10 | AB10: =IFERROR(B10/16,0) | AD10: =MAX($B$7:$B$141)-B10
A11: =IF(AD11=0,$AD$46, " ") | B11: =SUM(V11:X11)+C11 | C11: =COUNTA(F11:U11) | D11: =_xlfn.RANK.EQ(B11,$B$10:$B$44,0) | Z11: =IFERROR(COUNTIF(F11:U11,"W")/COUNTA(F11:U11),0) | AA11: =MAX($B$10:$B$44)-B11 | AB11: =IFERROR(B11/16,0) | AD11: =MAX($B$7:$B$141)-B11
A12: =IF(AD12=0,$AD$46, " ") | B12: =SUM(V12:X12)+C12 | C12: =COUNTA(F12:U12) | D12: =_xlfn.RANK.EQ(B12,$B$10:$B$44,0) | Z12: =IFERROR(COUNTIF(F12:U12,"W")/COUNTA(F12:U12),0) | AA12: =MAX($B$10:$B$44)-B12 | AB12: =IFERROR(B12/16,0) | AD12: =MAX($B$7:$B$141)-B12
A13: =IF(AD13=0,$AD$46, " ") | B13: =SUM(V13:X13)+C13 | C13: =COUNTA(F13:U13) | D13: =_xlfn.RANK.EQ(B13,$B$10:$B$44,0) | Z13: =IFERROR(COUNTIF(F13:U13,"W")/COUNTA(F13:U13),0) | AA13: =MAX($B$10:$B$44)-B13 | AB13: =IFERROR(B13/16,0) | AD13: =MAX($B$7:$B$141)-B13
A14: =IF(AD14=0,$AD$46, " ") | B14: =SUM(V14:X14)+C14 | C14: =COUNTA(F14:U14) | D14: =_xlfn.RANK.EQ(B14,$B$10:$B$44,0) | Z14: =IFERROR(COUNTIF(F14:U14,"W")/COUNTA(F14:U14),0) | AA14: =MAX($B$10:$B$44)-B14 | AB14: =IFERROR(B14/16,0) | AD14: =MAX($B$7:$B$141)-B14
A15: =IF(AD15=0,$AD$46, " ") | B15: =SUM(V15:X15)+C15 | C15: =COUNTA(F15:U15) | D15: =_xlfn.RANK.EQ(B15,$B$10:$B$44,0) | Z15: =IFERROR(COUNTIF(F15:U15,"W")/COUNTA(F15:U15),0) | AA15: =MAX($B$10:$B$44)-B15 | AB15: =IFERROR(B15/16,0) | AD15: =MAX($B$7:$B$141)-B15
A16: =IF(AD16=0,$AD$46, " ") | B16: =SUM(V16:X16)+C16 | C16: =COUNTA(F16:U16) | D16: =_xlfn.RANK.EQ(B16,$B$10:$B$44,0) | Z16: =IFERROR(COUNTIF(F16:U16,"W")/COUNTA(F16:U16),0) | AA16: =MAX($B$10:$B$44)-B16 | AB16: =IFERROR(B16/16,0) | AD16: =MAX($B$7:$B$141)-B16
A17: =IF(AD17=0,$AD$46, " ") | B17: =SUM(V17:X17)+C17 | C17: =COUNTA(F17:U17) | D17: =_xlfn.RANK.EQ(B17,$B$10:$B$44,0) | Z17: =IFERROR(COUNTIF(F17:U17,"W")/COUNTA(F17:U17),0) | AA17: =MAX($B$10:$B$44)-B17 | AB17: =IFERROR(B17/16,0) | AD17: =MAX($B$7:$B$141)-B17
A18: =IF(AD18=0,$AD$46, " ") | B18: =SUM(V18:X18)+C18 | C18: =COUNTA(F18:U18) | D18: =_xlfn.RANK.EQ(B18,$B$10:$B$44,0) | Z18: =IFERROR(COUNTIF(F18:U18,"W")/COUNTA(F18:U18),0) | AA18: =MAX($B$10:$B$44)-B18 | AB18: =IFERROR(B18/16,0) | AD18: =MAX($B$7:$B$141)-B18
A19: =IF(AD19=0,$AD$46, " ") | B19: =SUM(V19:X19)+C19 | C19: =COUNTA(F19:U19) | D19: =_xlfn.RANK.EQ(B19,$B$10:$B$44,0) | Z19: =IFERROR(COUNTIF(F19:U19,"W")/COUNTA(F19:U19),0) | AA19: =MAX($B$10:$B$44)-B19 | AB19: =IFERROR(B19/16,0) | AD19: =MAX($B$7:$B$141)-B19
A20: =IF(AD20=0,$AD$46, " ") | B20: =SUM(V20:X20)+C20 | C20: =COUNTA(F20:U20) | D20: =_xlfn.RANK.EQ(B20,$B$10:$B$44,0) | Z20: =IFERROR(COUNTIF(F20:U20,"W")/COUNTA(F20:U20),0) | AA20: =MAX($B$10:$B$44)-B20 | AB20: =IFERROR(B20/16,0) | AD20: =MAX($B$7:$B$141)-B20
A21: =IF(AD21=0,$AD$46, " ") | B21: =SUM(V21:X21)+C21 | C21: =COUNTA(F21:U21) | D21: =_xlfn.RANK.EQ(B21,$B$10:$B$44,0) | Z21: =IFERROR(COUNTIF(F21:U21,"W")/COUNTA(F21:U21),0) | AA21: =MAX($B$10:$B$44)-B21 | AB21: =IFERROR(B21/16,0) | AD21: =MAX($B$7:$B$141)-B21
... A44: =IF(AD44=0,$AD$46, " ") | B44: =SUM(V44:X44)+C44 | C44: =COUNTA(F44:U44) | D44: =_xlfn.RANK.EQ(B44,$B$10:$B$44,0) | Z44: =IFERROR(COUNTIF(F44:U44,"W")/COUNTA(F44:U44),0) | AA44: =MAX($B$10:$B$44)-B44 | AB44: =IFERROR(B44/16,0) | AD44: =MAX($B$7:$B$141)-B44
AD45: =COUNTIF(AD10:AD44,0)
AD46: =SUM(AD10:AD44)/AD45

Sheet Week 14
A1: 🏈 WEEK 3 — ACQL
A4: Home Team
A5: Away Team
A6: Result / Winner →
A7: Picked Home % | F7: =IFERROR(COUNTIF(F10:F44, F$4)/COUNTA(B10:B44),0) | G7: =IFERROR(COUNTIF(G10:G44, G$4)/COUNTA(C10:C44),0) | H7: =IFERROR(COUNTIF(H10:H44, H$4)/COUNTA(D10:D44),0) | I7: =IFERROR(COUNTIF(I10:I44, I$4)/COUNTA(E10:E44),0) | J7: =IFERROR(COUNTIF(J10:J44, J$4)/COUNTA(F10:F44),0) | K7: =IFERROR(COUNTIF(K10:K44, K$4)/COUNTA(G10:G44),0) | L7: =IFERROR(COUNTIF(L10:L44, L$4)/COUNTA(H10:H44),0) | M7: =IFERROR(COUNTIF(M10:M44, M$4)/COUNTA(I10:I44),0) | ... U7: =IFERROR(COUNTIF(U10:U44, U$4)/COUNTA(Q10:Q44),0)
A9: Entry Fee | B9: Wins | C9: Wins | D9: Rank | E9: Player | F9: G1 | G9: G2 | H9: G3 | I9: G4 | J9: G5 | K9: G6 | L9: G7 | M9: G8 | N9: G9 | O9: G10 | P9: G11 | Q9: G12 | R9: G13 | S9: G14 | T9: G15 | U9: G16 | V9: Loser 1 | W9: Loser 2 | X9: Loser 3 | Y9: Suicide | Z9: Home Team % | AA9: $ Owed | AB9: Games Behind | AC9: Win %
A10: =IF(AD10=0,$AD$46, " ") | B10: =SUM(V10:X10)+C10 | C10: =COUNTA(F10:U10) | D10: =_xlfn.RANK.EQ(B10,$B$10:$B$44,0) | Z10: =IFERROR(COUNTIF(F10:U10,"W")/COUNTA(F10:U10),0) | AA10: =MAX($B$10:$B$44)-B10 | AB10: =IFERROR(B10/16,0) | AD10: =MAX($B$7:$B$141)-B10
A11: =IF(AD11=0,$AD$46, " ") | B11: =SUM(V11:X11)+C11 | C11: =COUNTA(F11:U11) | D11: =_xlfn.RANK.EQ(B11,$B$10:$B$44,0) | Z11: =IFERROR(COUNTIF(F11:U11,"W")/COUNTA(F11:U11),0) | AA11: =MAX($B$10:$B$44)-B11 | AB11: =IFERROR(B11/16,0) | AD11: =MAX($B$7:$B$141)-B11
A12: =IF(AD12=0,$AD$46, " ") | B12: =SUM(V12:X12)+C12 | C12: =COUNTA(F12:U12) | D12: =_xlfn.RANK.EQ(B12,$B$10:$B$44,0) | Z12: =IFERROR(COUNTIF(F12:U12,"W")/COUNTA(F12:U12),0) | AA12: =MAX($B$10:$B$44)-B12 | AB12: =IFERROR(B12/16,0) | AD12: =MAX($B$7:$B$141)-B12
A13: =IF(AD13=0,$AD$46, " ") | B13: =SUM(V13:X13)+C13 | C13: =COUNTA(F13:U13) | D13: =_xlfn.RANK.EQ(B13,$B$10:$B$44,0) | Z13: =IFERROR(COUNTIF(F13:U13,"W")/COUNTA(F13:U13),0) | AA13: =MAX($B$10:$B$44)-B13 | AB13: =IFERROR(B13/16,0) | AD13: =MAX($B$7:$B$141)-B13
A14: =IF(AD14=0,$AD$46, " ") | B14: =SUM(V14:X14)+C14 | C14: =COUNTA(F14:U14) | D14: =_xlfn.RANK.EQ(B14,$B$10:$B$44,0) | Z14: =IFERROR(COUNTIF(F14:U14,"W")/COUNTA(F14:U14),0) | AA14: =MAX($B$10:$B$44)-B14 | AB14: =IFERROR(B14/16,0) | AD14: =MAX($B$7:$B$141)-B14
A15: =IF(AD15=0,$AD$46, " ") | B15: =SUM(V15:X15)+C15 | C15: =COUNTA(F15:U15) | D15: =_xlfn.RANK.EQ(B15,$B$10:$B$44,0) | Z15: =IFERROR(COUNTIF(F15:U15,"W")/COUNTA(F15:U15),0) | AA15: =MAX($B$10:$B$44)-B15 | AB15: =IFERROR(B15/16,0) | AD15: =MAX($B$7:$B$141)-B15
A16: =IF(AD16=0,$AD$46, " ") | B16: =SUM(V16:X16)+C16 | C16: =COUNTA(F16:U16) | D16: =_xlfn.RANK.EQ(B16,$B$10:$B$44,0) | Z16: =IFERROR(COUNTIF(F16:U16,"W")/COUNTA(F16:U16),0) | AA16: =MAX($B$10:$B$44)-B16 | AB16: =IFERROR(B16/16,0) | AD16: =MAX($B$7:$B$141)-B16
A17: =IF(AD17=0,$AD$46, " ") | B17: =SUM(V17:X17)+C17 | C17: =COUNTA(F17:U17) | D17: =_xlfn.RANK.EQ(B17,$B$10:$B$44,0) | Z17: =IFERROR(COUNTIF(F17:U17,"W")/COUNTA(F17:U17),0) | AA17: =MAX($B$10:$B$44)-B17 | AB17: =IFERROR(B17/16,0) | AD17: =MAX($B$7:$B$141)-B17
A18: =IF(AD18=0,$AD$46, " ") | B18: =SUM(V18:X18)+C18 | C18: =COUNTA(F18:U18) | D18: =_xlfn.RANK.EQ(B18,$B$10:$B$44,0) | Z18: =IFERROR(COUNTIF(F18:U18,"W")/COUNTA(F18:U18),0) | AA18: =MAX($B$10:$B$44)-B18 | AB18: =IFERROR(B18/16,0) | AD18: =MAX($B$7:$B$141)-B18
A19: =IF(AD19=0,$AD$46, " ") | B19: =SUM(V19:X19)+C19 | C19: =COUNTA(F19:U19) | D19: =_xlfn.RANK.EQ(B19,$B$10:$B$44,0) | Z19: =IFERROR(COUNTIF(F19:U19,"W")/COUNTA(F19:U19),0) | AA19: =MAX($B$10:$B$44)-B19 | AB19: =IFERROR(B19/16,0) | AD19: =MAX($B$7:$B$141)-B19
A20: =IF(AD20=0,$AD$46, " ") | B20: =SUM(V20:X20)+C20 | C20: =COUNTA(F20:U20) | D20: =_xlfn.RANK.EQ(B20,$B$10:$B$44,0) | Z20: =IFERROR(COUNTIF(F20:U20,"W")/COUNTA(F20:U20),0) | AA20: =MAX($B$10:$B$44)-B20 | AB20: =IFERROR(B20/16,0) | AD20: =MAX($B$7:$B$141)-B20
A21: =IF(AD21=0,$AD$46, " ") | B21: =SUM(V21:X21)+C21 | C21: =COUNTA(F21:U21) | D21: =_xlfn.RANK.EQ(B21,$B$10:$B$44,0) | Z21: =IFERROR(COUNTIF(F21:U21,"W")/COUNTA(F21:U21),0) | AA21: =MAX($B$10:$B$44)-B21 | AB21: =IFERROR(B21/16,0) | AD21: =MAX($B$7:$B$141)-B21
... A44: =IF(AD44=0,$AD$46, " ") | B44: =SUM(V44:X44)+C44 | C44: =COUNTA(F44:U44) | D44: =_xlfn.RANK.EQ(B44,$B$10:$B$44,0) | Z44: =IFERROR(COUNTIF(F44:U44,"W")/COUNTA(F44:U44),0) | AA44: =MAX($B$10:$B$44)-B44 | AB44: =IFERROR(B44/16,0) | AD44: =MAX($B$7:$B$141)-B44
AD45: =COUNTIF(AD10:AD44,0)
AD46: =SUM(AD10:AD44)/AD45

Sheet Week 15
A1: 🏈 WEEK 3 — ACQL
A4: Home Team
A5: Away Team
A6: Result / Winner →
A7: Picked Home % | F7: =IFERROR(COUNTIF(F10:F44, F$4)/COUNTA(B10:B44),0) | G7: =IFERROR(COUNTIF(G10:G44, G$4)/COUNTA(C10:C44),0) | H7: =IFERROR(COUNTIF(H10:H44, H$4)/COUNTA(D10:D44),0) | I7: =IFERROR(COUNTIF(I10:I44, I$4)/COUNTA(E10:E44),0) | J7: =IFERROR(COUNTIF(J10:J44, J$4)/COUNTA(F10:F44),0) | K7: =IFERROR(COUNTIF(K10:K44, K$4)/COUNTA(G10:G44),0) | L7: =IFERROR(COUNTIF(L10:L44, L$4)/COUNTA(H10:H44),0) | M7: =IFERROR(COUNTIF(M10:M44, M$4)/COUNTA(I10:I44),0) | ... U7: =IFERROR(COUNTIF(U10:U44, U$4)/COUNTA(Q10:Q44),0)
A9: Entry Fee | B9: Wins | C9: Wins | D9: Rank | E9: Player | F9: G1 | G9: G2 | H9: G3 | I9: G4 | J9: G5 | K9: G6 | L9: G7 | M9: G8 | N9: G9 | O9: G10 | P9: G11 | Q9: G12 | R9: G13 | S9: G14 | T9: G15 | U9: G16 | V9: Loser 1 | W9: Loser 2 | X9: Loser 3 | Y9: Suicide | Z9: Home Team % | AA9: $ Owed | AB9: Games Behind | AC9: Win %
A10: =IF(AD10=0,$AD$46, " ") | B10: =SUM(V10:X10)+C10 | C10: =COUNTA(F10:U10) | D10: =_xlfn.RANK.EQ(B10,$B$10:$B$44,0) | Z10: =IFERROR(COUNTIF(F10:U10,"W")/COUNTA(F10:U10),0) | AA10: =MAX($B$10:$B$44)-B10 | AB10: =IFERROR(B10/16,0) | AD10: =MAX($B$7:$B$141)-B10
A11: =IF(AD11=0,$AD$46, " ") | B11: =SUM(V11:X11)+C11 | C11: =COUNTA(F11:U11) | D11: =_xlfn.RANK.EQ(B11,$B$10:$B$44,0) | Z11: =IFERROR(COUNTIF(F11:U11,"W")/COUNTA(F11:U11),0) | AA11: =MAX($B$10:$B$44)-B11 | AB11: =IFERROR(B11/16,0) | AD11: =MAX($B$7:$B$141)-B11
A12: =IF(AD12=0,$AD$46, " ") | B12: =SUM(V12:X12)+C12 | C12: =COUNTA(F12:U12) | D12: =_xlfn.RANK.EQ(B12,$B$10:$B$44,0) | Z12: =IFERROR(COUNTIF(F12:U12,"W")/COUNTA(F12:U12),0) | AA12: =MAX($B$10:$B$44)-B12 | AB12: =IFERROR(B12/16,0) | AD12: =MAX($B$7:$B$141)-B12
A13: =IF(AD13=0,$AD$46, " ") | B13: =SUM(V13:X13)+C13 | C13: =COUNTA(F13:U13) | D13: =_xlfn.RANK.EQ(B13,$B$10:$B$44,0) | Z13: =IFERROR(COUNTIF(F13:U13,"W")/COUNTA(F13:U13),0) | AA13: =MAX($B$10:$B$44)-B13 | AB13: =IFERROR(B13/16,0) | AD13: =MAX($B$7:$B$141)-B13
A14: =IF(AD14=0,$AD$46, " ") | B14: =SUM(V14:X14)+C14 | C14: =COUNTA(F14:U14) | D14: =_xlfn.RANK.EQ(B14,$B$10:$B$44,0) | Z14: =IFERROR(COUNTIF(F14:U14,"W")/COUNTA(F14:U14),0) | AA14: =MAX($B$10:$B$44)-B14 | AB14: =IFERROR(B14/16,0) | AD14: =MAX($B$7:$B$141)-B14
A15: =IF(AD15=0,$AD$46, " ") | B15: =SUM(V15:X15)+C15 | C15: =COUNTA(F15:U15) | D15: =_xlfn.RANK.EQ(B15,$B$10:$B$44,0) | Z15: =IFERROR(COUNTIF(F15:U15,"W")/COUNTA(F15:U15),0) | AA15: =MAX($B$10:$B$44)-B15 | AB15: =IFERROR(B15/16,0) | AD15: =MAX($B$7:$B$141)-B15
A16: =IF(AD16=0,$AD$46, " ") | B16: =SUM(V16:X16)+C16 | C16: =COUNTA(F16:U16) | D16: =_xlfn.RANK.EQ(B16,$B$10:$B$44,0) | Z16: =IFERROR(COUNTIF(F16:U16,"W")/COUNTA(F16:U16),0) | AA16: =MAX($B$10:$B$44)-B16 | AB16: =IFERROR(B16/16,0) | AD16: =MAX($B$7:$B$141)-B16
A17: =IF(AD17=0,$AD$46, " ") | B17: =SUM(V17:X17)+C17 | C17: =COUNTA(F17:U17) | D17: =_xlfn.RANK.EQ(B17,$B$10:$B$44,0) | Z17: =IFERROR(COUNTIF(F17:U17,"W")/COUNTA(F17:U17),0) | AA17: =MAX($B$10:$B$44)-B17 | AB17: =IFERROR(B17/16,0) | AD17: =MAX($B$7:$B$141)-B17
A18: =IF(AD18=0,$AD$46, " ") | B18: =SUM(V18:X18)+C18 | C18: =COUNTA(F18:U18) | D18: =_xlfn.RANK.EQ(B18,$B$10:$B$44,0) | Z18: =IFERROR(COUNTIF(F18:U18,"W")/COUNTA(F18:U18),0) | AA18: =MAX($B$10:$B$44)-B18 | AB18: =IFERROR(B18/16,0) | AD18: =MAX($B$7:$B$141)-B18
A19: =IF(AD19=0,$AD$46, " ") | B19: =SUM(V19:X19)+C19 | C19: =COUNTA(F19:U19) | D19: =_xlfn.RANK.EQ(B19,$B$10:$B$44,0) | Z19: =IFERROR(COUNTIF(F19:U19,"W")/COUNTA(F19:U19),0) | AA19: =MAX($B$10:$B$44)-B19 | AB19: =IFERROR(B19/16,0) | AD19: =MAX($B$7:$B$141)-B19
A20: =IF(AD20=0,$AD$46, " ") | B20: =SUM(V20:X20)+C20 | C20: =COUNTA(F20:U20) | D20: =_xlfn.RANK.EQ(B20,$B$10:$B$44,0) | Z20: =IFERROR(COUNTIF(F20:U20,"W")/COUNTA(F20:U20),0) | AA20: =MAX($B$10:$B$44)-B20 | AB20: =IFERROR(B20/16,0) | AD20: =MAX($B$7:$B$141)-B20
A21: =IF(AD21=0,$AD$46, " ") | B21: =SUM(V21:X21)+C21 | C21: =COUNTA(F21:U21) | D21: =_xlfn.RANK.EQ(B21,$B$10:$B$44,0) | Z21: =IFERROR(COUNTIF(F21:U21,"W")/COUNTA(F21:U21),0) | AA21: =MAX($B$10:$B$44)-B21 | AB21: =IFERROR(B21/16,0) | AD21: =MAX($B$7:$B$141)-B21
... A44: =IF(AD44=0,$AD$46, " ") | B44: =SUM(V44:X44)+C44 | C44: =COUNTA(F44:U44) | D44: =_xlfn.RANK.EQ(B44,$B$10:$B$44,0) | Z44: =IFERROR(COUNTIF(F44:U44,"W")/COUNTA(F44:U44),0) | AA44: =MAX($B$10:$B$44)-B44 | AB44: =IFERROR(B44/16,0) | AD44: =MAX($B$7:$B$141)-B44
AD45: =COUNTIF(AD10:AD44,0)
AD46: =SUM(AD10:AD44)/AD45

Sheet Week 16
A1: 🏈 WEEK 3 — ACQL
A4: Home Team
A5: Away Team
A6: Result / Winner →
A7: Picked Home % | F7: =IFERROR(COUNTIF(F10:F44, F$4)/COUNTA(B10:B44),0) | G7: =IFERROR(COUNTIF(G10:G44, G$4)/COUNTA(C10:C44),0) | H7: =IFERROR(COUNTIF(H10:H44, H$4)/COUNTA(D10:D44),0) | I7: =IFERROR(COUNTIF(I10:I44, I$4)/COUNTA(E10:E44),0) | J7: =IFERROR(COUNTIF(J10:J44, J$4)/COUNTA(F10:F44),0) | K7: =IFERROR(COUNTIF(K10:K44, K$4)/COUNTA(G10:G44),0) | L7: =IFERROR(COUNTIF(L10:L44, L$4)/COUNTA(H10:H44),0) | M7: =IFERROR(COUNTIF(M10:M44, M$4)/COUNTA(I10:I44),0) | ... U7: =IFERROR(COUNTIF(U10:U44, U$4)/COUNTA(Q10:Q44),0)
A9: Entry Fee | B9: Wins | C9: Wins | D9: Rank | E9: Player | F9: G1 | G9: G2 | H9: G3 | I9: G4 | J9: G5 | K9: G6 | L9: G7 | M9: G8 | N9: G9 | O9: G10 | P9: G11 | Q9: G12 | R9: G13 | S9: G14 | T9: G15 | U9: G16 | V9: Loser 1 | W9: Loser 2 | X9: Loser 3 | Y9: Suicide | Z9: Home Team % | AA9: $ Owed | AB9: Games Behind | AC9: Win %
A10: =IF(AD10=0,$AD$46, " ") | B10: =SUM(V10:X10)+C10 | C10: =COUNTA(F10:U10) | D10: =_xlfn.RANK.EQ(B10,$B$10:$B$44,0) | Z10: =IFERROR(COUNTIF(F10:U10,"W")/COUNTA(F10:U10),0) | AA10: =MAX($B$10:$B$44)-B10 | AB10: =IFERROR(B10/16,0) | AD10: =MAX($B$7:$B$141)-B10
A11: =IF(AD11=0,$AD$46, " ") | B11: =SUM(V11:X11)+C11 | C11: =COUNTA(F11:U11) | D11: =_xlfn.RANK.EQ(B11,$B$10:$B$44,0) | Z11: =IFERROR(COUNTIF(F11:U11,"W")/COUNTA(F11:U11),0) | AA11: =MAX($B$10:$B$44)-B11 | AB11: =IFERROR(B11/16,0) | AD11: =MAX($B$7:$B$141)-B11
A12: =IF(AD12=0,$AD$46, " ") | B12: =SUM(V12:X12)+C12 | C12: =COUNTA(F12:U12) | D12: =_xlfn.RANK.EQ(B12,$B$10:$B$44,0) | Z12: =IFERROR(COUNTIF(F12:U12,"W")/COUNTA(F12:U12),0) | AA12: =MAX($B$10:$B$44)-B12 | AB12: =IFERROR(B12/16,0) | AD12: =MAX($B$7:$B$141)-B12
A13: =IF(AD13=0,$AD$46, " ") | B13: =SUM(V13:X13)+C13 | C13: =COUNTA(F13:U13) | D13: =_xlfn.RANK.EQ(B13,$B$10:$B$44,0) | Z13: =IFERROR(COUNTIF(F13:U13,"W")/COUNTA(F13:U13),0) | AA13: =MAX($B$10:$B$44)-B13 | AB13: =IFERROR(B13/16,0) | AD13: =MAX($B$7:$B$141)-B13
A14: =IF(AD14=0,$AD$46, " ") | B14: =SUM(V14:X14)+C14 | C14: =COUNTA(F14:U14) | D14: =_xlfn.RANK.EQ(B14,$B$10:$B$44,0) | Z14: =IFERROR(COUNTIF(F14:U14,"W")/COUNTA(F14:U14),0) | AA14: =MAX($B$10:$B$44)-B14 | AB14: =IFERROR(B14/16,0) | AD14: =MAX($B$7:$B$141)-B14
A15: =IF(AD15=0,$AD$46, " ") | B15: =SUM(V15:X15)+C15 | C15: =COUNTA(F15:U15) | D15: =_xlfn.RANK.EQ(B15,$B$10:$B$44,0) | Z15: =IFERROR(COUNTIF(F15:U15,"W")/COUNTA(F15:U15),0) | AA15: =MAX($B$10:$B$44)-B15 | AB15: =IFERROR(B15/16,0) | AD15: =MAX($B$7:$B$141)-B15
A16: =IF(AD16=0,$AD$46, " ") | B16: =SUM(V16:X16)+C16 | C16: =COUNTA(F16:U16) | D16: =_xlfn.RANK.EQ(B16,$B$10:$B$44,0) | Z16: =IFERROR(COUNTIF(F16:U16,"W")/COUNTA(F16:U16),0) | AA16: =MAX($B$10:$B$44)-B16 | AB16: =IFERROR(B16/16,0) | AD16: =MAX($B$7:$B$141)-B16
A17: =IF(AD17=0,$AD$46, " ") | B17: =SUM(V17:X17)+C17 | C17: =COUNTA(F17:U17) | D17: =_xlfn.RANK.EQ(B17,$B$10:$B$44,0) | Z17: =IFERROR(COUNTIF(F17:U17,"W")/COUNTA(F17:U17),0) | AA17: =MAX($B$10:$B$44)-B17 | AB17: =IFERROR(B17/16,0) | AD17: =MAX($B$7:$B$141)-B17
A18: =IF(AD18=0,$AD$46, " ") | B18: =SUM(V18:X18)+C18 | C18: =COUNTA(F18:U18) | D18: =_xlfn.RANK.EQ(B18,$B$10:$B$44,0) | Z18: =IFERROR(COUNTIF(F18:U18,"W")/COUNTA(F18:U18),0) | AA18: =MAX($B$10:$B$44)-B18 | AB18: =IFERROR(B18/16,0) | AD18: =MAX($B$7:$B$141)-B18
A19: =IF(AD19=0,$AD$46, " ") | B19: =SUM(V19:X19)+C19 | C19: =COUNTA(F19:U19) | D19: =_xlfn.RANK.EQ(B19,$B$10:$B$44,0) | Z19: =IFERROR(COUNTIF(F19:U19,"W")/COUNTA(F19:U19),0) | AA19: =MAX($B$10:$B$44)-B19 | AB19: =IFERROR(B19/16,0) | AD19: =MAX($B$7:$B$141)-B19
A20: =IF(AD20=0,$AD$46, " ") | B20: =SUM(V20:X20)+C20 | C20: =COUNTA(F20:U20) | D20: =_xlfn.RANK.EQ(B20,$B$10:$B$44,0) | Z20: =IFERROR(COUNTIF(F20:U20,"W")/COUNTA(F20:U20),0) | AA20: =MAX($B$10:$B$44)-B20 | AB20: =IFERROR(B20/16,0) | AD20: =MAX($B$7:$B$141)-B20
A21: =IF(AD21=0,$AD$46, " ") | B21: =SUM(V21:X21)+C21 | C21: =COUNTA(F21:U21) | D21: =_xlfn.RANK.EQ(B21,$B$10:$B$44,0) | Z21: =IFERROR(COUNTIF(F21:U21,"W")/COUNTA(F21:U21),0) | AA21: =MAX($B$10:$B$44)-B21 | AB21: =IFERROR(B21/16,0) | AD21: =MAX($B$7:$B$141)-B21
... A44: =IF(AD44=0,$AD$46, " ") | B44: =SUM(V44:X44)+C44 | C44: =COUNTA(F44:U44) | D44: =_xlfn.RANK.EQ(B44,$B$10:$B$44,0) | Z44: =IFERROR(COUNTIF(F44:U44,"W")/COUNTA(F44:U44),0) | AA44: =MAX($B$10:$B$44)-B44 | AB44: =IFERROR(B44/16,0) | AD44: =MAX($B$7:$B$141)-B44
AD45: =COUNTIF(AD10:AD44,0)
AD46: =SUM(AD10:AD44)/AD45

Sheet Week 17

Sheet Week 18
